filename,file_size,file_attributes,region_count,region_id,region_shape_attributes,region_attributes
150.png,4141550,"{}",2,0,"{""name"":""rect"",""x"":150,""y"":932,""width"":377,""height"":449}","{}"
150.png,4141550,"{}",2,1,"{""name"":""rect"",""x"":2304,""y"":1196,""width"":387,""height"":460}","{}"
151.png,4286495,"{}",1,0,"{""name"":""rect"",""x"":956,""y"":951,""width"":372,""height"":431}","{}"
152.png,4291972,"{}",6,0,"{""name"":""rect"",""x"":52,""y"":168,""width"":406,""height"":411}","{}"
152.png,4291972,"{}",6,1,"{""name"":""rect"",""x"":1994,""y"":581,""width"":375,""height"":421}","{}"
152.png,4291972,"{}",6,2,"{""name"":""rect"",""x"":2322,""y"":1072,""width"":372,""height"":504}","{}"
152.png,4291972,"{}",6,3,"{""name"":""rect"",""x"":1955,""y"":896,""width"":532,""height"":501}","{}"
152.png,4291972,"{}",6,4,"{""name"":""rect"",""x"":1700,""y"":1059,""width"":403,""height"":444}","{}"
152.png,4291972,"{}",6,5,"{""name"":""rect"",""x"":390,""y"":1555,""width"":395,""height"":238}","{}"
153.png,4181504,"{}",5,0,"{""name"":""rect"",""x"":398,""y"":666,""width"":398,""height"":431}","{}"
153.png,4181504,"{}",5,1,"{""name"":""rect"",""x"":431,""y"":1018,""width"":398,""height"":431}","{}"
153.png,4181504,"{}",5,2,"{""name"":""rect"",""x"":2051,""y"":956,""width"":411,""height"":473}","{}"
153.png,4181504,"{}",5,3,"{""name"":""rect"",""x"":1700,""y"":173,""width"":395,""height"":400}","{}"
153.png,4181504,"{}",5,4,"{""name"":""rect"",""x"":925,""y"":1545,""width"":364,""height"":240}","{}"
154.png,4067623,"{}",5,0,"{""name"":""rect"",""x"":398,""y"":284,""width"":403,""height"":444}","{}"
154.png,4067623,"{}",5,1,"{""name"":""rect"",""x"":434,""y"":612,""width"":403,""height"":437}","{}"
154.png,4067623,"{}",5,2,"{""name"":""rect"",""x"":917,""y"":1198,""width"":493,""height"":416}","{}"
154.png,4067623,"{}",5,3,"{""name"":""rect"",""x"":1953,""y"":1467,""width"":491,""height"":325}","{}"
154.png,4067623,"{}",5,4,"{""name"":""rect"",""x"":2064,""y"":561,""width"":390,""height"":465}","{}"
155.png,4372960,"{}",3,0,"{""name"":""rect"",""x"":1966,""y"":775,""width"":483,""height"":424}","{}"
155.png,4372960,"{}",3,1,"{""name"":""rect"",""x"":1798,""y"":1304,""width"":390,""height"":465}","{}"
155.png,4372960,"{}",3,2,"{""name"":""rect"",""x"":1235,""y"":1413,""width"":372,""height"":240}","{}"
156.png,4438265,"{}",2,0,"{""name"":""rect"",""x"":1224,""y"":881,""width"":375,""height"":452}","{}"
156.png,4438265,"{}",2,1,"{""name"":""rect"",""x"":1798,""y"":925,""width"":387,""height"":437}","{}"
157.png,4629780,"{}",5,0,"{""name"":""rect"",""x"":607,""y"":708,""width"":478,""height"":416}","{}"
157.png,4629780,"{}",5,1,"{""name"":""rect"",""x"":2348,""y"":178,""width"":501,""height"":594}","{}"
157.png,4629780,"{}",5,2,"{""name"":""rect"",""x"":88,""y"":917,""width"":387,""height"":457}","{}"
157.png,4629780,"{}",5,3,"{""name"":""rect"",""x"":336,""y"":1405,""width"":488,""height"":380}","{}"
157.png,4629780,"{}",5,4,"{""name"":""rect"",""x"":284,""y"":956,""width"":387,""height"":429}","{}"
158.png,4671940,"{}",7,0,"{""name"":""rect"",""x"":615,""y"":284,""width"":473,""height"":413}","{}"
158.png,4671940,"{}",7,1,"{""name"":""rect"",""x"":274,""y"":493,""width"":387,""height"":455}","{}"
158.png,4671940,"{}",7,2,"{""name"":""rect"",""x"":93,""y"":615,""width"":387,""height"":462}","{}"
158.png,4671940,"{}",7,3,"{""name"":""rect"",""x"":346,""y"":878,""width"":480,""height"":398}","{}"
158.png,4671940,"{}",7,4,"{""name"":""rect"",""x"":935,""y"":1304,""width"":493,""height"":421}","{}"
158.png,4671940,"{}",7,5,"{""name"":""rect"",""x"":1896,""y"":1276,""width"":390,""height"":452}","{}"
158.png,4671940,"{}",7,6,"{""name"":""rect"",""x"":2343,""y"":173,""width"":400,""height"":331}","{}"
159.png,4210018,"{}",5,0,"{""name"":""rect"",""x"":1408,""y"":176,""width"":400,""height"":377}","{}"
159.png,4210018,"{}",5,1,"{""name"":""rect"",""x"":2180,""y"":232,""width"":387,""height"":444}","{}"
159.png,4210018,"{}",5,2,"{""name"":""rect"",""x"":65,""y"":839,""width"":382,""height"":449}","{}"
159.png,4210018,"{}",5,3,"{""name"":""rect"",""x"":305,""y"":1421,""width"":393,""height"":372}","{}"
159.png,4210018,"{}",5,4,"{""name"":""rect"",""x"":1041,""y"":1552,""width"":243,""height"":227}","{}"
160.png,4363259,"{}",6,0,"{""name"":""rect"",""x"":70,""y"":238,""width"":380,""height"":452}","{}"
160.png,4363259,"{}",6,1,"{""name"":""rect"",""x"":300,""y"":870,""width"":382,""height"":457}","{}"
160.png,4363259,"{}",6,2,"{""name"":""rect"",""x"":385,""y"":1080,""width"":398,""height"":447}","{}"
160.png,4363259,"{}",6,3,"{""name"":""rect"",""x"":1020,""y"":979,""width"":393,""height"":455}","{}"
160.png,4363259,"{}",6,4,"{""name"":""rect"",""x"":1656,""y"":927,""width"":400,""height"":455}","{}"
160.png,4363259,"{}",6,5,"{""name"":""rect"",""x"":2118,""y"":1503,""width"":449,""height"":297}","{}"
161.png,4274750,"{}",9,0,"{""name"":""rect"",""x"":294,""y"":176,""width"":483,""height"":468}","{}"
161.png,4274750,"{}",9,1,"{""name"":""rect"",""x"":1025,""y"":165,""width"":380,""height"":395}","{}"
161.png,4274750,"{}",9,2,"{""name"":""rect"",""x"":994,""y"":713,""width"":382,""height"":465}","{}"
161.png,4274750,"{}",9,3,"{""name"":""rect"",""x"":1137,""y"":896,""width"":377,""height"":460}","{}"
161.png,4274750,"{}",9,4,"{""name"":""rect"",""x"":470,""y"":1413,""width"":387,""height"":380}","{}"
161.png,4274750,"{}",9,5,"{""name"":""rect"",""x"":1537,""y"":1013,""width"":387,""height"":439}","{}"
161.png,4274750,"{}",9,6,"{""name"":""rect"",""x"":1738,""y"":1545,""width"":488,""height"":248}","{}"
161.png,4274750,"{}",9,7,"{""name"":""rect"",""x"":2134,""y"":437,""width"":380,""height"":434}","{}"
161.png,4274750,"{}",9,8,"{""name"":""rect"",""x"":2234,""y"":173,""width"":369,""height"":406}","{}"
162.png,4154601,"{}",6,0,"{""name"":""rect"",""x"":974,""y"":170,""width"":416,""height"":307}","{}"
162.png,4154601,"{}",6,1,"{""name"":""rect"",""x"":1126,""y"":506,""width"":403,""height"":442}","{}"
162.png,4154601,"{}",6,2,"{""name"":""rect"",""x"":475,""y"":563,""width"":377,""height"":460}","{}"
162.png,4154601,"{}",6,3,"{""name"":""rect"",""x"":34,""y"":1415,""width"":509,""height"":382}","{}"
162.png,4154601,"{}",6,4,"{""name"":""rect"",""x"":1534,""y"":201,""width"":380,""height"":444}","{}"
162.png,4154601,"{}",6,5,"{""name"":""rect"",""x"":2309,""y"":1508,""width"":400,""height"":282}","{}"
163.png,4160479,"{}",8,0,"{""name"":""rect"",""x"":1581,""y"":256,""width"":398,""height"":444}","{}"
163.png,4160479,"{}",8,1,"{""name"":""rect"",""x"":2319,""y"":375,""width"":387,""height"":462}","{}"
163.png,4160479,"{}",8,2,"{""name"":""rect"",""x"":39,""y"":496,""width"":406,""height"":444}","{}"
163.png,4160479,"{}",8,3,"{""name"":""rect"",""x"":165,""y"":896,""width"":488,""height"":362}","{}"
163.png,4160479,"{}",8,4,"{""name"":""rect"",""x"":253,""y"":1049,""width"":380,""height"":447}","{}"
163.png,4160479,"{}",8,5,"{""name"":""rect"",""x"":331,""y"":1596,""width"":372,""height"":196}","{}"
163.png,4160479,"{}",8,6,"{""name"":""rect"",""x"":677,""y"":1506,""width"":398,""height"":279}","{}"
163.png,4160479,"{}",8,7,"{""name"":""rect"",""x"":1738,""y"":1511,""width"":364,""height"":279}","{}"
164.png,2320304,"{}",7,0,"{""name"":""rect"",""x"":351,""y"":444,""width"":400,""height"":449}","{}"
164.png,2320304,"{}",7,1,"{""name"":""rect"",""x"":305,""y"":894,""width"":403,""height"":449}","{}"
164.png,2320304,"{}",7,2,"{""name"":""rect"",""x"":762,""y"":1227,""width"":387,""height"":447}","{}"
164.png,2320304,"{}",7,3,"{""name"":""rect"",""x"":1020,""y"":715,""width"":393,""height"":439}","{}"
164.png,2320304,"{}",7,4,"{""name"":""rect"",""x"":979,""y"":920,""width"":380,""height"":424}","{}"
164.png,2320304,"{}",7,5,"{""name"":""rect"",""x"":1705,""y"":922,""width"":499,""height"":413}","{}"
164.png,2320304,"{}",7,6,"{""name"":""rect"",""x"":2330,""y"":1186,""width"":400,""height"":473}","{}"
165.png,2529196,"{}",8,0,"{""name"":""rect"",""x"":344,""y"":170,""width"":408,""height"":227}","{}"
165.png,2529196,"{}",8,1,"{""name"":""rect"",""x"":315,""y"":499,""width"":382,""height"":442}","{}"
165.png,2529196,"{}",8,2,"{""name"":""rect"",""x"":752,""y"":796,""width"":406,""height"":462}","{}"
165.png,2529196,"{}",8,3,"{""name"":""rect"",""x"":1005,""y"":266,""width"":411,""height"":457}","{}"
165.png,2529196,"{}",8,4,"{""name"":""rect"",""x"":974,""y"":532,""width"":382,""height"":439}","{}"
165.png,2529196,"{}",8,5,"{""name"":""rect"",""x"":1700,""y"":535,""width"":504,""height"":442}","{}"
165.png,2529196,"{}",8,6,"{""name"":""rect"",""x"":2335,""y"":803,""width"":408,""height"":457}","{}"
165.png,2529196,"{}",8,7,"{""name"":""rect"",""x"":1906,""y"":1563,""width"":504,""height"":230}","{}"
166.png,2597020,"{}",6,0,"{""name"":""rect"",""x"":1346,""y"":651,""width"":496,""height"":398}","{}"
166.png,2597020,"{}",6,1,"{""name"":""rect"",""x"":1909,""y"":855,""width"":499,""height"":424}","{}"
166.png,2597020,"{}",6,2,"{""name"":""rect"",""x"":2048,""y"":1550,""width"":380,""height"":251}","{}"
166.png,2597020,"{}",6,3,"{""name"":""rect"",""x"":1501,""y"":1134,""width"":393,""height"":442}","{}"
166.png,2597020,"{}",6,4,"{""name"":""rect"",""x"":1129,""y"":1297,""width"":380,""height"":344}","{}"
166.png,2597020,"{}",6,5,"{""name"":""rect"",""x"":524,""y"":1204,""width"":403,""height"":447}","{}"
167.png,2933122,"{}",11,0,"{""name"":""rect"",""x"":535,""y"":408,""width"":390,""height"":439}","{}"
167.png,2933122,"{}",11,1,"{""name"":""rect"",""x"":214,""y"":1064,""width"":493,""height"":411}","{}"
167.png,2933122,"{}",11,2,"{""name"":""rect"",""x"":72,""y"":1444,""width"":473,""height"":349}","{}"
167.png,2933122,"{}",11,3,"{""name"":""rect"",""x"":1909,""y"":214,""width"":488,""height"":395}","{}"
167.png,2933122,"{}",11,4,"{""name"":""rect"",""x"":2048,""y"":628,""width"":475,""height"":530}","{}"
167.png,2933122,"{}",11,5,"{""name"":""rect"",""x"":2412,""y"":860,""width"":341,""height"":455}","{}"
167.png,2933122,"{}",11,6,"{""name"":""rect"",""x"":2188,""y"":997,""width"":462,""height"":354}","{}"
167.png,2933122,"{}",11,7,"{""name"":""rect"",""x"":2247,""y"":1294,""width"":398,""height"":429}","{}"
167.png,2933122,"{}",11,8,"{""name"":""rect"",""x"":1129,""y"":289,""width"":385,""height"":429}","{}"
167.png,2933122,"{}",11,9,"{""name"":""rect"",""x"":1493,""y"":519,""width"":393,""height"":444}","{}"
167.png,2933122,"{}",11,10,"{""name"":""rect"",""x"":940,""y"":1596,""width"":372,""height"":204}","{}"
168.png,3039294,"{}",12,0,"{""name"":""rect"",""x"":230,""y"":615,""width"":483,""height"":380}","{}"
168.png,3039294,"{}",12,1,"{""name"":""rect"",""x"":65,""y"":940,""width"":501,""height"":416}","{}"
168.png,3039294,"{}",12,2,"{""name"":""rect"",""x"":925,""y"":1157,""width"":398,""height"":457}","{}"
168.png,3039294,"{}",12,3,"{""name"":""rect"",""x"":1242,""y"":1372,""width"":395,""height"":266}","{}"
168.png,3039294,"{}",12,4,"{""name"":""rect"",""x"":1901,""y"":1211,""width"":393,""height"":457}","{}"
168.png,3039294,"{}",12,5,"{""name"":""rect"",""x"":2020,""y"":992,""width"":493,""height"":398}","{}"
168.png,3039294,"{}",12,6,"{""name"":""rect"",""x"":2273,""y"":883,""width"":380,""height"":426}","{}"
168.png,3039294,"{}",12,7,"{""name"":""rect"",""x"":2172,""y"":548,""width"":457,""height"":390}","{}"
168.png,3039294,"{}",12,8,"{""name"":""rect"",""x"":2397,""y"":390,""width"":362,""height"":434}","{}"
168.png,3039294,"{}",12,9,"{""name"":""rect"",""x"":2053,""y"":173,""width"":475,""height"":429}","{}"
168.png,3039294,"{}",12,10,"{""name"":""rect"",""x"":1493,""y"":176,""width"":393,""height"":462}","{}"
168.png,3039294,"{}",12,11,"{""name"":""rect"",""x"":527,""y"":168,""width"":413,""height"":232}","{}"
169.png,2541139,"{}",7,0,"{""name"":""rect"",""x"":938,""y"":178,""width"":382,""height"":313}","{}"
169.png,2541139,"{}",7,1,"{""name"":""rect"",""x"":847,""y"":901,""width"":375,""height"":452}","{}"
169.png,2541139,"{}",7,2,"{""name"":""rect"",""x"":912,""y"":1082,""width"":375,""height"":434}","{}"
169.png,2541139,"{}",7,3,"{""name"":""rect"",""x"":1095,""y"":920,""width"":460,""height"":421}","{}"
169.png,2541139,"{}",7,4,"{""name"":""rect"",""x"":1217,""y"":1134,""width"":398,""height"":434}","{}"
169.png,2541139,"{}",7,5,"{""name"":""rect"",""x"":1676,""y"":1348,""width"":393,""height"":442}","{}"
169.png,2541139,"{}",7,6,"{""name"":""rect"",""x"":1893,""y"":165,""width"":426,""height"":183}","{}"
170.png,2445092,"{}",5,0,"{""name"":""rect"",""x"":917,""y"":542,""width"":604,""height"":504}","{}"
170.png,2445092,"{}",5,1,"{""name"":""rect"",""x"":49,""y"":963,""width"":395,""height"":452}","{}"
170.png,2445092,"{}",5,2,"{""name"":""rect"",""x"":1428,""y"":1255,""width"":387,""height"":385}","{}"
170.png,2445092,"{}",5,3,"{""name"":""rect"",""x"":1994,""y"":517,""width"":387,""height"":452}","{}"
170.png,2445092,"{}",5,4,"{""name"":""rect"",""x"":2043,""y"":746,""width"":426,""height"":460}","{}"
171.png,3035781,"{}",6,0,"{""name"":""rect"",""x"":52,""y"":263,""width"":390,""height"":444}","{}"
171.png,3035781,"{}",6,1,"{""name"":""rect"",""x"":121,""y"":1537,""width"":403,""height"":263}","{}"
171.png,3035781,"{}",6,2,"{""name"":""rect"",""x"":1426,""y"":783,""width"":398,""height"":468}","{}"
171.png,3035781,"{}",6,3,"{""name"":""rect"",""x"":1583,""y"":1475,""width"":403,""height"":313}","{}"
171.png,3035781,"{}",6,4,"{""name"":""rect"",""x"":891,""y"":170,""width"":607,""height"":297}","{}"
171.png,3035781,"{}",6,5,"{""name"":""rect"",""x"":2043,""y"":217,""width"":408,""height"":455}","{}"
172.png,2908914,"{}",6,0,"{""name"":""rect"",""x"":103,""y"":173,""width"":395,""height"":263}","{}"
172.png,2908914,"{}",6,1,"{""name"":""rect"",""x"":132,""y"":581,""width"":406,""height"":442}","{}"
172.png,2908914,"{}",6,2,"{""name"":""rect"",""x"":240,""y"":1338,""width"":375,""height"":444}","{}"
172.png,2908914,"{}",6,3,"{""name"":""rect"",""x"":726,""y"":1116,""width"":545,""height"":530}","{}"
172.png,2908914,"{}",6,4,"{""name"":""rect"",""x"":1604,""y"":752,""width"":380,""height"":452}","{}"
172.png,2908914,"{}",6,5,"{""name"":""rect"",""x"":2348,""y"":204,""width"":393,""height"":455}","{}"
173.png,2829820,"{}",5,0,"{""name"":""rect"",""x"":142,""y"":269,""width"":385,""height"":465}","{}"
173.png,2829820,"{}",5,1,"{""name"":""rect"",""x"":232,""y"":860,""width"":382,""height"":444}","{}"
173.png,2829820,"{}",5,2,"{""name"":""rect"",""x"":302,""y"":1356,""width"":483,""height"":413}","{}"
173.png,2829820,"{}",5,3,"{""name"":""rect"",""x"":752,""y"":798,""width"":509,""height"":506}","{}"
173.png,2829820,"{}",5,4,"{""name"":""rect"",""x"":1072,""y"":1320,""width"":473,""height"":320}","{}"
174.png,3135798,"{}",7,0,"{""name"":""rect"",""x"":225,""y"":163,""width"":398,""height"":398}","{}"
174.png,3135798,"{}",7,1,"{""name"":""rect"",""x"":710,""y"":261,""width"":403,""height"":468}","{}"
174.png,3135798,"{}",7,2,"{""name"":""rect"",""x"":320,""y"":682,""width"":473,""height"":418}","{}"
174.png,3135798,"{}",7,3,"{""name"":""rect"",""x"":568,""y"":1258,""width"":406,""height"":421}","{}"
174.png,3135798,"{}",7,4,"{""name"":""rect"",""x"":1077,""y"":697,""width"":473,""height"":421}","{}"
174.png,3135798,"{}",7,5,"{""name"":""rect"",""x"":1351,""y"":901,""width"":491,""height"":411}","{}"
174.png,3135798,"{}",7,6,"{""name"":""rect"",""x"":1304,""y"":1067,""width"":465,""height"":393}","{}"
175.png,3065097,"{}",6,0,"{""name"":""rect"",""x"":302,""y"":240,""width"":493,""height"":413}","{}"
175.png,3065097,"{}",6,1,"{""name"":""rect"",""x"":1069,""y"":289,""width"":488,""height"":421}","{}"
175.png,3065097,"{}",6,2,"{""name"":""rect"",""x"":1307,""y"":406,""width"":540,""height"":519}","{}"
175.png,3065097,"{}",6,3,"{""name"":""rect"",""x"":581,""y"":984,""width"":382,""height"":439}","{}"
175.png,3065097,"{}",6,4,"{""name"":""rect"",""x"":1875,""y"":1467,""width"":382,""height"":331}","{}"
175.png,3065097,"{}",6,5,"{""name"":""rect"",""x"":2149,""y"":1405,""width"":395,""height"":390}","{}"
176.png,2988370,"{}",5,0,"{""name"":""rect"",""x"":573,""y"":522,""width"":400,""height"":475}","{}"
176.png,2988370,"{}",5,1,"{""name"":""rect"",""x"":1242,""y"":994,""width"":496,""height"":416}","{}"
176.png,2988370,"{}",5,2,"{""name"":""rect"",""x"":1870,""y"":1049,""width"":411,""height"":460}","{}"
176.png,2988370,"{}",5,3,"{""name"":""rect"",""x"":2152,""y"":821,""width"":403,""height"":468}","{}"
176.png,2988370,"{}",5,4,"{""name"":""rect"",""x"":2286,""y"":1175,""width"":522,""height"":530}","{}"
177.png,3247170,"{}",10,0,"{""name"":""rect"",""x"":563,""y"":170,""width"":413,""height"":248}","{}"
177.png,3247170,"{}",10,1,"{""name"":""rect"",""x"":1258,""y"":460,""width"":403,""height"":449}","{}"
177.png,3247170,"{}",10,2,"{""name"":""rect"",""x"":607,""y"":1064,""width"":486,""height"":434}","{}"
177.png,3247170,"{}",10,3,"{""name"":""rect"",""x"":147,""y"":1467,""width"":377,""height"":325}","{}"
177.png,3247170,"{}",10,4,"{""name"":""rect"",""x"":418,""y"":1550,""width"":351,""height"":245}","{}"
177.png,3247170,"{}",10,5,"{""name"":""rect"",""x"":1886,""y"":532,""width"":393,""height"":462}","{}"
177.png,3247170,"{}",10,6,"{""name"":""rect"",""x"":2301,""y"":545,""width"":382,""height"":462}","{}"
177.png,3247170,"{}",10,7,"{""name"":""rect"",""x"":2152,""y"":165,""width"":377,""height"":367}","{}"
177.png,3247170,"{}",10,8,"{""name"":""rect"",""x"":2415,""y"":170,""width"":380,""height"":364}","{}"
177.png,3247170,"{}",10,9,"{""name"":""rect"",""x"":2443,""y"":1529,""width"":411,""height"":269}","{}"
178.png,3214906,"{}",9,0,"{""name"":""rect"",""x"":142,""y"":170,""width"":382,""height"":209}","{}"
178.png,3214906,"{}",9,1,"{""name"":""rect"",""x"":395,""y"":238,""width"":367,""height"":444}","{}"
178.png,3214906,"{}",9,2,"{""name"":""rect"",""x"":956,""y"":424,""width"":372,""height"":439}","{}"
178.png,3214906,"{}",9,3,"{""name"":""rect"",""x"":1343,""y"":630,""width"":499,""height"":426}","{}"
178.png,3214906,"{}",9,4,"{""name"":""rect"",""x"":480,""y"":994,""width"":375,""height"":449}","{}"
178.png,3214906,"{}",9,5,"{""name"":""rect"",""x"":713,""y"":1589,""width"":382,""height"":207}","{}"
178.png,3214906,"{}",9,6,"{""name"":""rect"",""x"":2066,""y"":1067,""width"":367,""height"":447}","{}"
178.png,3214906,"{}",9,7,"{""name"":""rect"",""x"":2319,""y"":1224,""width"":393,""height"":447}","{}"
178.png,3214906,"{}",9,8,"{""name"":""rect"",""x"":2474,""y"":305,""width"":380,""height"":449}","{}"
179.png,3154230,"{}",6,0,"{""name"":""rect"",""x"":1343,""y"":170,""width"":501,""height"":263}","{}"
179.png,3154230,"{}",6,1,"{""name"":""rect"",""x"":2061,""y"":243,""width"":380,""height"":457}","{}"
179.png,3154230,"{}",6,2,"{""name"":""rect"",""x"":2327,""y"":708,""width"":385,""height"":455}","{}"
179.png,3154230,"{}",6,3,"{""name"":""rect"",""x"":1235,""y"":1103,""width"":393,""height"":457}","{}"
179.png,3154230,"{}",6,4,"{""name"":""rect"",""x"":710,""y"":1007,""width"":382,""height"":452}","{}"
179.png,3154230,"{}",6,5,"{""name"":""rect"",""x"":282,""y"":863,""width"":406,""height"":442}","{}"
180.png,3202674,"{}",4,0,"{""name"":""rect"",""x"":300,""y"":344,""width"":387,""height"":444}","{}"
180.png,3202674,"{}",4,1,"{""name"":""rect"",""x"":1242,""y"":803,""width"":382,""height"":447}","{}"
180.png,3202674,"{}",4,2,"{""name"":""rect"",""x"":2325,""y"":429,""width"":390,""height"":455}","{}"
180.png,3202674,"{}",4,3,"{""name"":""rect"",""x"":2327,""y"":1490,""width"":496,""height"":305}","{}"
181.png,3169267,"{}",7,0,"{""name"":""rect"",""x"":1214,""y"":165,""width"":408,""height"":356}","{}"
181.png,3169267,"{}",7,1,"{""name"":""rect"",""x"":315,""y"":1126,""width"":398,""height"":457}","{}"
181.png,3169267,"{}",7,2,"{""name"":""rect"",""x"":1994,""y"":1059,""width"":372,""height"":421}","{}"
181.png,3169267,"{}",7,3,"{""name"":""rect"",""x"":1942,""y"":1281,""width"":387,""height"":434}","{}"
181.png,3169267,"{}",7,4,"{""name"":""rect"",""x"":2154,""y"":870,""width"":367,""height"":457}","{}"
181.png,3169267,"{}",7,5,"{""name"":""rect"",""x"":2335,""y"":870,""width"":496,""height"":418}","{}"
181.png,3169267,"{}",7,6,"{""name"":""rect"",""x"":127,""y"":1622,""width"":488,""height"":170}","{}"
182.png,3385846,"{}",7,0,"{""name"":""rect"",""x"":328,""y"":359,""width"":387,""height"":468}","{}"
182.png,3385846,"{}",7,1,"{""name"":""rect"",""x"":116,""y"":1160,""width"":493,""height"":449}","{}"
182.png,3385846,"{}",7,2,"{""name"":""rect"",""x"":622,""y"":1253,""width"":504,""height"":424}","{}"
182.png,3385846,"{}",7,3,"{""name"":""rect"",""x"":1940,""y"":752,""width"":382,""height"":452}","{}"
182.png,3385846,"{}",7,4,"{""name"":""rect"",""x"":1991,""y"":558,""width"":375,""height"":434}","{}"
182.png,3385846,"{}",7,5,"{""name"":""rect"",""x"":2167,""y"":406,""width"":362,""height"":455}","{}"
182.png,3385846,"{}",7,6,"{""name"":""rect"",""x"":2335,""y"":473,""width"":486,""height"":406}","{}"
183.png,3506423,"{}",6,0,"{""name"":""rect"",""x"":127,""y"":687,""width"":486,""height"":421}","{}"
183.png,3506423,"{}",6,1,"{""name"":""rect"",""x"":625,""y"":697,""width"":478,""height"":411}","{}"
183.png,3506423,"{}",6,2,"{""name"":""rect"",""x"":638,""y"":1335,""width"":393,""height"":437}","{}"
183.png,3506423,"{}",6,3,"{""name"":""rect"",""x"":103,""y"":1227,""width"":390,""height"":473}","{}"
183.png,3506423,"{}",6,4,"{""name"":""rect"",""x"":1927,""y"":204,""width"":398,""height"":473}","{}"
183.png,3506423,"{}",6,5,"{""name"":""rect"",""x"":2134,""y"":176,""width"":398,""height"":199}","{}"
184.png,3874117,"{}",7,0,"{""name"":""rect"",""x"":114,""y"":196,""width"":504,""height"":413}","{}"
184.png,3874117,"{}",7,1,"{""name"":""rect"",""x"":617,""y"":176,""width"":493,""height"":344}","{}"
184.png,3874117,"{}",7,2,"{""name"":""rect"",""x"":641,""y"":798,""width"":403,""height"":421}","{}"
184.png,3874117,"{}",7,3,"{""name"":""rect"",""x"":39,""y"":1080,""width"":387,""height"":439}","{}"
184.png,3874117,"{}",7,4,"{""name"":""rect"",""x"":963,""y"":1576,""width"":338,""height"":225}","{}"
184.png,3874117,"{}",7,5,"{""name"":""rect"",""x"":1888,""y"":1415,""width"":385,""height"":380}","{}"
184.png,3874117,"{}",7,6,"{""name"":""rect"",""x"":2361,""y"":1550,""width"":390,""height"":243}","{}"
185.png,3510247,"{}",6,0,"{""name"":""rect"",""x"":648,""y"":274,""width"":395,""height"":465}","{}"
185.png,3510247,"{}",6,1,"{""name"":""rect"",""x"":953,""y"":894,""width"":398,""height"":449}","{}"
185.png,3510247,"{}",6,2,"{""name"":""rect"",""x"":189,""y"":1330,""width"":511,""height"":439}","{}"
185.png,3510247,"{}",6,3,"{""name"":""rect"",""x"":1893,""y"":1033,""width"":393,""height"":426}","{}"
185.png,3510247,"{}",6,4,"{""name"":""rect"",""x"":1795,""y"":1284,""width"":393,""height"":455}","{}"
185.png,3510247,"{}",6,5,"{""name"":""rect"",""x"":2348,""y"":951,""width"":406,""height"":455}","{}"
186.png,3575311,"{}",4,0,"{""name"":""rect"",""x"":945,""y"":178,""width"":406,""height"":452}","{}"
186.png,3575311,"{}",4,1,"{""name"":""rect"",""x"":199,""y"":945,""width"":499,""height"":444}","{}"
186.png,3575311,"{}",4,2,"{""name"":""rect"",""x"":1777,""y"":545,""width"":501,""height"":499}","{}"
186.png,3575311,"{}",4,3,"{""name"":""rect"",""x"":2350,""y"":305,""width"":390,""height"":475}","{}"
187.png,3684468,"{}",8,0,"{""name"":""rect"",""x"":181,""y"":178,""width"":509,""height"":377}","{}"
187.png,3684468,"{}",8,1,"{""name"":""rect"",""x"":222,""y"":610,""width"":380,""height"":447}","{}"
187.png,3684468,"{}",8,2,"{""name"":""rect"",""x"":837,""y"":1018,""width"":390,""height"":460}","{}"
187.png,3684468,"{}",8,3,"{""name"":""rect"",""x"":1351,""y"":1180,""width"":524,""height"":418}","{}"
187.png,3684468,"{}",8,4,"{""name"":""rect"",""x"":1041,""y"":1167,""width"":364,""height"":478}","{}"
187.png,3684468,"{}",8,5,"{""name"":""rect"",""x"":705,""y"":1452,""width"":403,""height"":338}","{}"
187.png,3684468,"{}",8,6,"{""name"":""rect"",""x"":1746,""y"":1501,""width"":387,""height"":292}","{}"
187.png,3684468,"{}",8,7,"{""name"":""rect"",""x"":2451,""y"":770,""width"":385,""height"":465}","{}"
188.png,3400984,"{}",9,0,"{""name"":""rect"",""x"":204,""y"":163,""width"":403,""height"":323}","{}"
188.png,3400984,"{}",9,1,"{""name"":""rect"",""x"":839,""y"":661,""width"":395,""height"":488}","{}"
188.png,3400984,"{}",9,2,"{""name"":""rect"",""x"":713,""y"":948,""width"":395,""height"":447}","{}"
188.png,3400984,"{}",9,3,"{""name"":""rect"",""x"":1051,""y"":850,""width"":380,""height"":444}","{}"
188.png,3400984,"{}",9,4,"{""name"":""rect"",""x"":1353,""y"":700,""width"":483,""height"":406}","{}"
188.png,3400984,"{}",9,5,"{""name"":""rect"",""x"":1746,""y"":932,""width"":390,""height"":457}","{}"
188.png,3400984,"{}",9,6,"{""name"":""rect"",""x"":2449,""y"":426,""width"":395,""height"":457}","{}"
188.png,3400984,"{}",9,7,"{""name"":""rect"",""x"":1498,""y"":1436,""width"":367,""height"":351}","{}"
188.png,3400984,"{}",9,8,"{""name"":""rect"",""x"":468,""y"":1503,""width"":387,""height"":289}","{}"
189.png,3383080,"{}",10,0,"{""name"":""rect"",""x"":723,""y"":318,""width"":369,""height"":434}","{}"
189.png,3383080,"{}",10,1,"{""name"":""rect"",""x"":878,""y"":214,""width"":359,""height"":457}","{}"
189.png,3383080,"{}",10,2,"{""name"":""rect"",""x"":1038,""y"":449,""width"":406,""height"":444}","{}"
189.png,3383080,"{}",10,3,"{""name"":""rect"",""x"":940,""y"":943,""width"":504,""height"":530}","{}"
189.png,3383080,"{}",10,4,"{""name"":""rect"",""x"":1485,""y"":943,""width"":390,""height"":465}","{}"
189.png,3383080,"{}",10,5,"{""name"":""rect"",""x"":462,""y"":842,""width"":393,""height"":449}","{}"
189.png,3383080,"{}",10,6,"{""name"":""rect"",""x"":41,""y"":1085,""width"":387,""height"":447}","{}"
189.png,3383080,"{}",10,7,"{""name"":""rect"",""x"":1330,""y"":173,""width"":496,""height"":349}","{}"
189.png,3383080,"{}",10,8,"{""name"":""rect"",""x"":1736,""y"":251,""width"":387,""height"":447}","{}"
189.png,3383080,"{}",10,9,"{""name"":""rect"",""x"":2436,""y"":165,""width"":403,""height"":282}","{}"
190.png,2456508,"{}",6,0,"{""name"":""rect"",""x"":1235,""y"":282,""width"":395,""height"":468}","{}"
190.png,2456508,"{}",6,1,"{""name"":""rect"",""x"":674,""y"":816,""width"":480,""height"":403}","{}"
190.png,2456508,"{}",6,2,"{""name"":""rect"",""x"":532,""y"":1423,""width"":380,""height"":375}","{}"
190.png,2456508,"{}",6,3,"{""name"":""rect"",""x"":1774,""y"":406,""width"":390,""height"":470}","{}"
190.png,2456508,"{}",6,4,"{""name"":""rect"",""x"":2020,""y"":462,""width"":367,""height"":457}","{}"
190.png,2456508,"{}",6,5,"{""name"":""rect"",""x"":2087,""y"":289,""width"":380,""height"":439}","{}"
191.png,2481051,"{}",7,0,"{""name"":""rect"",""x"":524,""y"":452,""width"":400,""height"":455}","{}"
191.png,2481051,"{}",7,1,"{""name"":""rect"",""x"":421,""y"":708,""width"":483,""height"":411}","{}"
191.png,2481051,"{}",7,2,"{""name"":""rect"",""x"":762,""y"":860,""width"":488,""height"":511}","{}"
191.png,2481051,"{}",7,3,"{""name"":""rect"",""x"":90,""y"":1434,""width"":390,""height"":354}","{}"
191.png,2481051,"{}",7,4,"{""name"":""rect"",""x"":1240,""y"":1191,""width"":385,""height"":462}","{}"
191.png,2481051,"{}",7,5,"{""name"":""rect"",""x"":1413,""y"":1224,""width"":480,""height"":395}","{}"
191.png,2481051,"{}",7,6,"{""name"":""rect"",""x"":1638,""y"":1403,""width"":375,""height"":390}","{}"
192.png,3056678,"{}",6,0,"{""name"":""rect"",""x"":1250,""y"":338,""width"":377,""height"":462}","{}"
192.png,3056678,"{}",6,1,"{""name"":""rect"",""x"":762,""y"":163,""width"":488,""height"":282}","{}"
192.png,3056678,"{}",6,2,"{""name"":""rect"",""x"":85,""y"":320,""width"":403,""height"":470}","{}"
192.png,3056678,"{}",6,3,"{""name"":""rect"",""x"":287,""y"":1322,""width"":514,""height"":455}","{}"
192.png,3056678,"{}",6,4,"{""name"":""rect"",""x"":1534,""y"":987,""width"":393,""height"":426}","{}"
192.png,3056678,"{}",6,5,"{""name"":""rect"",""x"":2131,""y"":1165,""width"":416,""height"":457}","{}"
193.png,3336770,"{}",8,0,"{""name"":""rect"",""x"":282,""y"":194,""width"":522,""height"":591}","{}"
193.png,3336770,"{}",8,1,"{""name"":""rect"",""x"":75,""y"":1025,""width"":395,""height"":465}","{}"
193.png,3336770,"{}",8,2,"{""name"":""rect"",""x"":227,""y"":1570,""width"":398,""height"":222}","{}"
193.png,3336770,"{}",8,3,"{""name"":""rect"",""x"":1529,""y"":1059,""width"":486,""height"":416}","{}"
193.png,3336770,"{}",8,4,"{""name"":""rect"",""x"":1529,""y"":212,""width"":387,""height"":455}","{}"
193.png,3336770,"{}",8,5,"{""name"":""rect"",""x"":2131,""y"":336,""width"":406,""height"":447}","{}"
193.png,3336770,"{}",8,6,"{""name"":""rect"",""x"":2428,""y"":741,""width"":403,""height"":444}","{}"
193.png,3336770,"{}",8,7,"{""name"":""rect"",""x"":1511,""y"":1459,""width"":276,""height"":289}","{}"
194.png,3026167,"{}",6,0,"{""name"":""rect"",""x"":72,""y"":163,""width"":400,""height"":411}","{}"
194.png,3026167,"{}",6,1,"{""name"":""rect"",""x"":230,""y"":641,""width"":400,""height"":439}","{}"
194.png,3026167,"{}",6,2,"{""name"":""rect"",""x"":1539,""y"":460,""width"":486,""height"":426}","{}"
194.png,3026167,"{}",6,3,"{""name"":""rect"",""x"":1537,""y"":1359,""width"":325,""height"":395}","{}"
194.png,3026167,"{}",6,4,"{""name"":""rect"",""x"":460,""y"":1384,""width"":372,""height"":406}","{}"
194.png,3026167,"{}",6,5,"{""name"":""rect"",""x"":88,""y"":1475,""width"":406,""height"":323}","{}"
195.png,3014257,"{}",6,0,"{""name"":""rect"",""x"":452,""y"":452,""width"":372,""height"":434}","{}"
195.png,3014257,"{}",6,1,"{""name"":""rect"",""x"":101,""y"":1002,""width"":400,""height"":457}","{}"
195.png,3014257,"{}",6,2,"{""name"":""rect"",""x"":398,""y"":1304,""width"":514,""height"":400}","{}"
195.png,3014257,"{}",6,3,"{""name"":""rect"",""x"":1470,""y"":741,""width"":393,""height"":447}","{}"
195.png,3014257,"{}",6,4,"{""name"":""rect"",""x"":1836,""y"":762,""width"":390,""height"":418}","{}"
195.png,3014257,"{}",6,5,"{""name"":""rect"",""x"":1563,""y"":165,""width"":429,""height"":196}","{}"
196.png,3113008,"{}",6,0,"{""name"":""rect"",""x"":400,""y"":408,""width"":501,""height"":434}","{}"
196.png,3113008,"{}",6,1,"{""name"":""rect"",""x"":108,""y"":390,""width"":382,""height"":473}","{}"
196.png,3113008,"{}",6,2,"{""name"":""rect"",""x"":1459,""y"":165,""width"":403,""height"":222}","{}"
196.png,3113008,"{}",6,3,"{""name"":""rect"",""x"":1315,""y"":1087,""width"":393,""height"":460}","{}"
196.png,3113008,"{}",6,4,"{""name"":""rect"",""x"":692,""y"":1372,""width"":400,""height"":426}","{}"
196.png,3113008,"{}",6,5,"{""name"":""rect"",""x"":2033,""y"":1222,""width"":400,""height"":439}","{}"
197.png,3332437,"{}",5,0,"{""name"":""rect"",""x"":1310,""y"":527,""width"":400,""height"":449}","{}"
197.png,3332437,"{}",5,1,"{""name"":""rect"",""x"":708,""y"":948,""width"":387,""height"":457}","{}"
197.png,3332437,"{}",5,2,"{""name"":""rect"",""x"":93,""y"":163,""width"":400,""height"":351}","{}"
197.png,3332437,"{}",5,3,"{""name"":""rect"",""x"":2046,""y"":855,""width"":382,""height"":444}","{}"
197.png,3332437,"{}",5,4,"{""name"":""rect"",""x"":2149,""y"":1361,""width"":496,""height"":393}","{}"
198.png,3504197,"{}",6,0,"{""name"":""rect"",""x"":692,""y"":165,""width"":400,""height"":421}","{}"
198.png,3504197,"{}",6,1,"{""name"":""rect"",""x"":1204,""y"":971,""width"":395,""height"":457}","{}"
198.png,3504197,"{}",6,2,"{""name"":""rect"",""x"":2273,""y"":963,""width"":483,""height"":548}","{}"
198.png,3504197,"{}",6,3,"{""name"":""rect"",""x"":2030,""y"":158,""width"":398,""height"":442}","{}"
198.png,3504197,"{}",6,4,"{""name"":""rect"",""x"":1235,""y"":1403,""width"":496,""height"":243}","{}"
198.png,3504197,"{}",6,5,"{""name"":""rect"",""x"":2480,""y"":749,""width"":380,""height"":465}","{}"
199.png,3622356,"{}",7,0,"{""name"":""rect"",""x"":28,""y"":749,""width"":395,""height"":462}","{}"
199.png,3622356,"{}",7,1,"{""name"":""rect"",""x"":1056,""y"":455,""width"":403,""height"":473}","{}"
199.png,3622356,"{}",7,2,"{""name"":""rect"",""x"":1064,""y"":199,""width"":398,""height"":395}","{}"
199.png,3622356,"{}",7,3,"{""name"":""rect"",""x"":297,""y"":181,""width"":395,""height"":225}","{}"
199.png,3622356,"{}",7,4,"{""name"":""rect"",""x"":604,""y"":165,""width"":344,""height"":160}","{}"
199.png,3622356,"{}",7,5,"{""name"":""rect"",""x"":1157,""y"":1250,""width"":491,""height"":411}","{}"
199.png,3622356,"{}",7,6,"{""name"":""rect"",""x"":2211,""y"":173,""width"":488,""height"":320}","{}"