images/0.png, 1131, 739, 369, 452
images/0.png, 2369, 325, 367, 460
images/0.png, 2446, 723, 393, 452
images/0.png, 940, 1338, 359, 447
images/0.png, 777, 1470, 377, 325
images/0.png, 282, 1410, 375, 382
images/1.png, 2247, 1131, 385, 470
images/2.png, 2338, 899, 486, 555
images/2.png, 1813, 1638, 400, 158
images/2.png, 455, 1635, 406, 160
images/3.png, 1113, 1369, 483, 416
images/3.png, 1932, 1276, 390, 473
images/4.png, 470, 1289, 377, 460
images/4.png, 1831, 1080, 377, 447
images/4.png, 1475, 1617, 387, 178
images/4.png, 2335, 478, 488, 457
images/5.png, 359, 387, 473, 416
images/5.png, 599, 431, 488, 418
images/5.png, 1390, 431, 460, 480
images/5.png, 2374, 741, 385, 465
images/5.png, 2374, 1002, 411, 429
images/5.png, 1369, 1338, 385, 442
images/5.png, 1583, 1374, 377, 398
images/5.png, 612, 1361, 385, 426
images/6.png, 462, 803, 387, 447
images/6.png, 584, 1369, 380, 424
images/6.png, 979, 1638, 385, 158
images/7.png, 351, 240, 499, 344
images/7.png, 597, 243, 491, 320
images/7.png, 1382, 243, 478, 468
images/7.png, 2374, 509, 393, 468
images/7.png, 2389, 653, 403, 475
images/7.png, 1583, 1064, 390, 475
images/7.png, 1361, 1152, 382, 452
images/7.png, 963, 1379, 387, 416
images/7.png, 615, 1090, 393, 452
images/8.png, 470, 524, 380, 447
images/8.png, 571, 1051, 408, 449
images/8.png, 992, 1341, 382, 439
images/8.png, 1188, 1418, 380, 372
images/8.png, 1527, 1253, 478, 418
images/9.png, 165, 741, 387, 449
images/9.png, 917, 1121, 385, 457
images/9.png, 1235, 1361, 385, 431
images/10.png, 1958, 1183, 385, 457
images/10.png, 1818, 1253, 369, 473
images/11.png, 739, 1108, 385, 462
images/11.png, 483, 1374, 480, 403
images/11.png, 1886, 1191, 377, 480
images/11.png, 1240, 1550, 387, 240
images/11.png, 2076, 1187, 490, 424
images/12.png, 1737, 1319, 386, 455
images/12.png, 2170, 999, 377, 468
images/12.png, 2493, 915, 335, 476
images/13.png, 860, 1293, 372, 485
images/13.png, 2023, 1434, 393, 344
images/14.png, 850, 1440, 396, 359
images/14.png, 2036, 1016, 381, 442
images/15.png, 2195, 1428, 381, 359
images/16.png, 1775, 921, 387, 476
images/16.png, 1993, 958, 372, 445
images/16.png, 857, 1225, 381, 439
images/16.png, 571, 1587, 418, 209
images/16.png, 1977, 1551, 411, 243
images/17.png, 645, 964, 384, 448
images/17.png, 1477, 1056, 405, 445
images/17.png, 2091, 924, 390, 476
images/17.png, 1959, 1603, 399, 197
images/18.png, 1781, 1271, 378, 451
images/18.png, 2180, 1013, 402, 445
images/18.png, 2481, 906, 347, 467
images/18.png, 2254, 1501, 384, 289
images/18.png, 1105, 1597, 390, 190
images/19.png, 1971, 1529, 378, 267
images/20.png, 289, 1105, 494, 421
images/20.png, 1026, 1495, 408, 292
images/21.png, 2404, 811, 418, 433
images/21.png, 1781, 1194, 405, 451
images/21.png, 1732, 1544, 390, 243
images/22.png, 556, 1154, 378, 464
images/22.png, 841, 1164, 387, 430
images/22.png, 1732, 1124, 402, 461
images/23.png, 2146, 1081, 488, 436
images/23.png, 1443, 255, 384, 451
images/23.png, 1201, 243, 356, 267
images/23.png, 104, 1035, 387, 448
images/23.png, 359, 1372, 381, 421
images/24.png, 80, 479, 390, 461
images/24.png, 218, 1308, 390, 451
images/24.png, 2287, 1081, 390, 454
images/24.png, 1833, 1572, 362, 209
images/25.png, 286, 1271, 362, 454
images/25.png, 577, 1336, 402, 445
images/26.png, 270, 792, 378, 470
images/26.png, 586, 758, 402, 482
images/27.png, 1102, 1170, 510, 427
images/27.png, 866, 1271, 387, 461
images/27.png, 519, 1676, 384, 114
images/28.png, 378, 1250, 531, 476
images/28.png, 111, 1597, 350, 200
images/29.png, 1547, 1437, 381, 353
images/30.png, 1931, 752, 375, 445
images/30.png, 1762, 1274, 372, 433
images/30.png, 2260, 1455, 368, 335
images/31.png, 390, 310, 387, 442
images/31.png, 160, 679, 368, 427
images/31.png, 1679, 893, 482, 396
images/31.png, 1437, 1111, 479, 402
images/31.png, 470, 1557, 365, 230
images/31.png, 178, 1557, 372, 233
images/32.png, 1443, 249, 479, 310
images/32.png, 1710, 249, 448, 175
images/32.png, 473, 654, 359, 445
images/32.png, 181, 976, 381, 445
images/32.png, 801, 893, 375, 461
images/32.png, 669, 1403, 479, 384
images/32.png, 1081, 1461, 368, 322
images/33.png, 783, 249, 396, 325
images/33.png, 178, 540, 378, 461
images/33.png, 1615, 1419, 387, 378
images/33.png, 1922, 1314, 378, 479
images/33.png, 2389, 1262, 368, 445
images/34.png, 1916, 967, 390, 461
images/34.png, 2389, 967, 384, 473
images/34.png, 1461, 1437, 393, 359
images/34.png, 178, 310, 387, 454
images/35.png, 169, 243, 390, 267
images/35.png, 1480, 1029, 368, 461
images/35.png, 2303, 1394, 353, 393
images/36.png, 2005, 1280, 378, 442
images/37.png, 593, 709, 467, 399
images/37.png, 1422, 1326, 384, 430
images/37.png, 1940, 1001, 485, 427
images/37.png, 2266, 734, 381, 436
images/38.png, 1584, 1087, 362, 464
images/38.png, 1894, 1111, 372, 430
images/38.png, 562, 1013, 381, 442
images/38.png, 160, 1170, 384, 451
images/39.png, 1560, 590, 384, 464
images/39.png, 1879, 737, 405, 424
images/39.png, 577, 298, 375, 457
images/39.png, 160, 543, 381, 445
images/39.png, 372, 1345, 396, 439
images/39.png, 1983, 1581, 470, 203
images/40.png, 1584, 249, 368, 372
images/40.png, 163, 249, 368, 184
images/40.png, 387, 995, 381, 433
images/40.png, 1461, 1317, 359, 430
images/40.png, 1873, 1216, 470, 411
images/40.png, 2002, 912, 470, 402
images/40.png, 1882, 396, 378, 464
images/41.png, 387, 623, 381, 454
images/41.png, 1477, 992, 353, 448
images/41.png, 1670, 1154, 494, 399
images/41.png, 1864, 654, 488, 424
images/41.png, 1983, 267, 491, 414
images/42.png, 384, 252, 384, 454
images/42.png, 983, 1142, 467, 445
images/42.png, 1999, 1468, 372, 319
images/42.png, 1455, 645, 381, 457
images/42.png, 1676, 636, 485, 414
images/42.png, 1873, 249, 464, 236
images/43.png, 1455, 249, 408, 372
images/43.png, 2017, 897, 356, 427
images/43.png, 976, 540, 497, 427
images/43.png, 706, 1016, 387, 448
images/43.png, 1019, 1176, 362, 411
images/43.png, 436, 1415, 387, 381
images/44.png, 823, 1243, 396, 430
images/44.png, 436, 255, 402, 221
images/44.png, 101, 1575, 479, 221
images/44.png, 1686, 1535, 381, 258
images/45.png, 844, 1029, 375, 427
images/45.png, 95, 1326, 500, 433
images/46.png, 98, 1041, 510, 439
images/47.png, 1928, 1059, 387, 448
images/47.png, 1750, 1458, 390, 335
images/48.png, 1007, 1376, 387, 408
images/48.png, 1940, 1449, 359, 338
images/49.png, 1867, 1262, 390, 457
images/49.png, 372, 1326, 365, 467
images/50.png, 1876, 470, 377, 457
images/51.png, 1552, 1604, 382, 189
images/52.png, 103, 475, 380, 444
images/52.png, 617, 821, 382, 447
images/52.png, 715, 635, 356, 488
images/52.png, 1232, 734, 398, 457
images/52.png, 2234, 1005, 499, 426
images/53.png, 103, 248, 395, 261
images/53.png, 610, 245, 462, 431
images/53.png, 1232, 310, 393, 462
images/53.png, 2242, 501, 480, 416
images/53.png, 2250, 1286, 380, 437
images/53.png, 1927, 1304, 478, 418
images/53.png, 1689, 1431, 561, 364
images/54.png, 1940, 1036, 480, 424
images/54.png, 1692, 1173, 400, 462
images/54.png, 1893, 1410, 408, 367
images/54.png, 2234, 1054, 395, 452
images/54.png, 553, 1607, 393, 189
images/54.png, 2239, 245, 483, 318
images/54.png, 1235, 245, 387, 271
images/55.png, 1937, 331, 475, 403
images/55.png, 2250, 514, 354, 431
images/55.png, 1728, 522, 375, 457
images/55.png, 1883, 772, 390, 442
images/55.png, 1607, 1002, 393, 444
images/55.png, 1160, 788, 385, 452
images/55.png, 561, 912, 395, 449
images/55.png, 119, 1454, 431, 331
images/56.png, 548, 437, 408, 470
images/56.png, 1609, 524, 393, 449
images/56.png, 1289, 927, 377, 460
images/56.png, 956, 1348, 514, 413
images/56.png, 108, 951, 390, 437
images/56.png, 163, 1118, 398, 439
images/56.png, 1176, 245, 377, 271
images/57.png, 563, 245, 382, 356
images/57.png, 969, 920, 491, 424
images/57.png, 2247, 1279, 375, 457
images/57.png, 111, 617, 385, 429
images/57.png, 155, 889, 398, 380
images/58.png, 127, 393, 367, 442
images/58.png, 158, 651, 400, 444
images/58.png, 225, 1488, 375, 305
images/58.png, 2234, 1044, 403, 442
images/59.png, 98, 240, 400, 279
images/59.png, 155, 385, 398, 449
images/59.png, 661, 1547, 385, 240
images/59.png, 1558, 1514, 398, 271
images/60.png, 883, 1384, 475, 398
images/61.png, 506, 775, 387, 473
images/62.png, 49, 806, 385, 447
images/62.png, 1028, 1237, 364, 431
images/62.png, 276, 1609, 292, 183
images/63.png, 1033, 253, 382, 449
images/63.png, 1033, 522, 367, 431
images/63.png, 279, 770, 390, 470
images/63.png, 870, 1232, 393, 447
images/63.png, 460, 1173, 473, 416
images/63.png, 346, 1648, 220, 137
images/64.png, 297, 300, 354, 462
images/64.png, 886, 728, 364, 455
images/64.png, 1033, 245, 380, 318
images/64.png, 465, 700, 483, 382
images/64.png, 325, 1266, 367, 437
images/64.png, 839, 1276, 349, 468
images/64.png, 589, 1294, 437, 408
images/65.png, 801, 235, 395, 442
images/65.png, 328, 444, 377, 460
images/65.png, 483, 927, 367, 449
images/65.png, 811, 1033, 398, 447
images/65.png, 189, 1237, 493, 390
images/65.png, 352, 1320, 380, 449
images/66.png, 1103, 488, 449, 411
images/66.png, 1242, 269, 375, 442
images/66.png, 2405, 1129, 271, 434
images/66.png, 1359, 1560, 276, 227
images/67.png, 925, 617, 473, 418
images/67.png, 1390, 253, 354, 380
images/67.png, 1353, 643, 377, 444
images/67.png, 1591, 1023, 380, 426
images/67.png, 1080, 1545, 380, 256
images/67.png, 2410, 380, 266, 431
images/68.png, 1093, 424, 359, 449
images/68.png, 1963, 581, 395, 470
images/68.png, 1991, 1111, 468, 114
images/69.png, 907, 819, 375, 227
images/69.png, 1137, 824, 455, 313
images/69.png, 145, 1108, 372, 424
images/69.png, 258, 1408, 393, 393
images/69.png, 468, 1167, 359, 411
images/70.png, 586, 307, 509, 382
images/70.png, 186, 315, 276, 119
images/70.png, 346, 847, 470, 398
images/70.png, 865, 669, 380, 449
images/70.png, 661, 705, 457, 408
images/70.png, 431, 1281, 395, 434
images/71.png, 452, 434, 364, 434
images/71.png, 351, 1235, 372, 452
images/71.png, 1341, 1046, 393, 449
images/72.png, 561, 710, 387, 465
images/72.png, 1072, 548, 387, 452
images/72.png, 1400, 1124, 496, 475
images/72.png, 1989, 1098, 359, 457
images/72.png, 2273, 899, 385, 460
images/73.png, 57, 780, 380, 457
images/73.png, 1452, 1152, 341, 434
images/73.png, 2087, 1289, 501, 421
images/73.png, 1991, 344, 375, 439
images/73.png, 2291, 248, 356, 356
images/73.png, 1467, 243, 375, 413
images/73.png, 832, 261, 359, 449
images/74.png, 59, 253, 367, 369
images/74.png, 819, 1175, 359, 447
images/74.png, 1304, 943, 475, 395
images/74.png, 1560, 1090, 395, 465
images/74.png, 1434, 524, 372, 434
images/74.png, 2110, 571, 470, 411
images/75.png, 796, 765, 393, 457
images/75.png, 1188, 1046, 385, 468
images/75.png, 2035, 1299, 393, 473
images/75.png, 1596, 1558, 196, 230
images/76.png, 1421, 1007, 380, 455
images/76.png, 2048, 927, 382, 455
images/76.png, 1991, 1545, 377, 251
images/77.png, 34, 1237, 486, 406
images/77.png, 2038, 537, 393, 452
images/77.png, 1865, 1346, 390, 437
images/78.png, 41, 555, 480, 429
images/78.png, 328, 1085, 480, 418
images/78.png, 803, 1188, 359, 447
images/78.png, 2033, 238, 387, 232
images/79.png, 165, 775, 382, 470
images/79.png, 403, 1005, 483, 411
images/79.png, 1113, 1118, 377, 460
images/79.png, 1294, 1335, 421, 395
images/80.png, 168, 251, 393, 315
images/80.png, 400, 359, 499, 406
images/80.png, 775, 1054, 385, 434
images/80.png, 1103, 315, 395, 488
images/81.png, 661, 1209, 377, 447
images/81.png, 1025, 1087, 380, 457
images/82.png, 351, 938, 387, 452
images/82.png, 506, 1106, 395, 460
images/83.png, 584, 1116, 478, 411
images/83.png, 1018, 896, 387, 468
images/83.png, 315, 248, 385, 356
images/83.png, 1196, 240, 387, 258
images/83.png, 1183, 1475, 387, 318
images/84.png, 165, 726, 393, 449
images/84.png, 93, 1031, 382, 455
images/84.png, 594, 1121, 524, 501
images/84.png, 1080, 400, 387, 452
images/85.png, 961, 814, 475, 408
images/85.png, 1320, 1377, 380, 418
images/85.png, 651, 478, 473, 418
images/85.png, 88, 238, 385, 449
images/85.png, 584, 238, 387, 287
images/85.png, 331, 447, 354, 447
images/86.png, 1483, 728, 390, 462
images/86.png, 1508, 1204, 375, 429
images/86.png, 1700, 1232, 465, 393
images/86.png, 1286, 1640, 380, 152
images/86.png, 1227, 245, 496, 263
images/87.png, 1152, 754, 390, 452
images/87.png, 1583, 1465, 403, 331
images/87.png, 1289, 240, 382, 362
images/87.png, 1527, 243, 390, 302
images/87.png, 201, 1085, 400, 455
images/87.png, 561, 1276, 375, 447
images/88.png, 917, 1196, 382, 449
images/88.png, 1413, 1276, 380, 465
images/88.png, 1653, 1069, 413, 462
images/88.png, 220, 607, 382, 449
images/88.png, 377, 245, 362, 418
images/88.png, 1142, 238, 393, 292
images/88.png, 576, 1601, 367, 181
images/89.png, 687, 437, 377, 418
images/89.png, 927, 284, 377, 455
images/89.png, 571, 245, 385, 294
images/89.png, 395, 1291, 390, 457
images/89.png, 1762, 1036, 382, 468
images/89.png, 1446, 1477, 426, 310
images/90.png, 390, 741, 393, 439
images/90.png, 261, 1343, 382, 421
images/90.png, 1005, 1113, 444, 488
images/90.png, 1423, 889, 390, 447
images/90.png, 1508, 633, 382, 439
images/90.png, 1764, 501, 377, 475
images/91.png, 403, 289, 367, 439
images/91.png, 279, 736, 367, 431
images/91.png, 274, 1116, 393, 455
images/91.png, 103, 1240, 364, 457
images/91.png, 1005, 672, 377, 449
images/91.png, 1080, 403, 375, 439
images/91.png, 1441, 393, 369, 442
images/91.png, 1299, 1054, 486, 408
images/91.png, 1746, 243, 387, 325
images/91.png, 1545, 1578, 395, 209
images/92.png, 263, 387, 385, 424
images/92.png, 282, 772, 390, 411
images/92.png, 88, 951, 385, 473
images/92.png, 230, 1353, 413, 421
images/92.png, 385, 245, 390, 220
images/92.png, 1002, 426, 380, 452
images/92.png, 1436, 248, 380, 338
images/92.png, 1072, 245, 382, 212
images/92.png, 1547, 1211, 406, 470
images/92.png, 1258, 1441, 390, 349
images/93.png, 289, 307, 375, 457
images/93.png, 85, 602, 382, 429
images/93.png, 251, 770, 398, 429
images/93.png, 372, 1578, 375, 214
images/93.png, 1273, 1090, 387, 449
images/93.png, 1005, 243, 377, 328
images/94.png, 256, 245, 369, 411
images/94.png, 80, 256, 364, 457
images/94.png, 367, 1279, 382, 439
images/94.png, 519, 1496, 382, 300
images/94.png, 940, 1098, 418, 452
images/95.png, 88, 248, 377, 191
images/95.png, 367, 1028, 524, 496
images/95.png, 1555, 1560, 377, 240
images/96.png, 1072, 318, 473, 403
images/96.png, 1601, 726, 364, 431
images/96.png, 1335, 245, 377, 284
images/97.png, 963, 1121, 387, 442
images/97.png, 1901, 1103, 393, 421
images/97.png, 2227, 1462, 349, 336
images/98.png, 1689, 1147, 449, 555
images/98.png, 1917, 679, 382, 444
images/98.png, 1700, 245, 382, 333
images/98.png, 2635, 245, 243, 380
images/99.png, 1756, 444, 380, 439
images/99.png, 1676, 610, 359, 395
images/99.png, 2126, 1400, 377, 263
images/99.png, 1808, 1625, 310, 170
images/99.png, 1935, 238, 362, 163
images/100.png, 85, 708, 367, 465
images/100.png, 318, 850, 367, 437
images/100.png, 473, 1338, 398, 437
images/100.png, 1826, 945, 385, 444
images/100.png, 2472, 984, 390, 462
images/101.png, 491, 594, 364, 452
images/101.png, 860, 852, 385, 437
images/101.png, 387, 1338, 364, 431
images/101.png, 220, 1483, 390, 315
images/101.png, 269, 243, 403, 217
images/101.png, 1831, 238, 387, 377
images/101.png, 2454, 253, 406, 434
images/102.png, 96, 974, 380, 439
images/102.png, 318, 1356, 480, 408
images/102.png, 1049, 1183, 385, 455
images/103.png, 80, 429, 393, 475
images/103.png, 1041, 749, 387, 449
images/103.png, 852, 1273, 390, 439
images/103.png, 413, 1348, 367, 431
images/103.png, 1955, 1064, 395, 460
images/103.png, 2327, 920, 380, 462
images/104.png, 586, 788, 385, 449
images/104.png, 258, 808, 393, 439
images/104.png, 886, 1663, 349, 132
images/105.png, 622, 870, 387, 460
images/105.png, 966, 1098, 377, 439
images/105.png, 1361, 987, 393, 452
images/105.png, 1591, 847, 385, 452
images/105.png, 2392, 300, 380, 496
images/105.png, 1400, 240, 457, 305
images/106.png, 119, 899, 406, 449
images/106.png, 971, 1485, 362, 302
images/106.png, 1963, 1258, 377, 465
images/107.png, 449, 310, 478, 434
images/107.png, 83, 530, 395, 452
images/107.png, 524, 576, 418, 468
images/107.png, 966, 245, 398, 333
images/107.png, 956, 772, 385, 437
images/107.png, 643, 1364, 385, 434
images/107.png, 1353, 899, 444, 403
images/107.png, 1710, 842, 362, 452
images/107.png, 2072, 313, 382, 457
images/107.png, 2126, 1260, 390, 442
images/107.png, 1715, 1663, 390, 134
images/108.png, 630, 682, 406, 465
images/108.png, 1415, 493, 398, 460
images/108.png, 1330, 989, 395, 444
images/108.png, 1738, 1005, 364, 439
images/108.png, 1994, 1532, 385, 263
images/108.png, 2123, 248, 390, 393
images/108.png, 1328, 245, 488, 302
images/108.png, 1710, 253, 385, 380
images/109.png, 403, 896, 380, 449
images/109.png, 842, 1617, 411, 178
images/109.png, 1653, 1173, 382, 421
images/110.png, 1242, 1121, 385, 444
images/110.png, 1581, 1477, 351, 313
images/110.png, 790, 1289, 380, 444
images/110.png, 517, 1294, 377, 452
images/111.png, 504, 803, 387, 447
images/111.png, 808, 850, 377, 447
images/111.png, 465, 1454, 380, 336
images/111.png, 1219, 664, 406, 462
images/111.png, 1545, 1111, 398, 447
images/112.png, 473, 793, 375, 455
images/112.png, 1552, 540, 387, 439
images/112.png, 1555, 1356, 475, 400
images/112.png, 1824, 1250, 493, 413
images/112.png, 478, 1498, 382, 302
images/113.png, 1211, 615, 382, 449
images/113.png, 2281, 839, 486, 439
images/113.png, 2123, 1410, 398, 377
images/113.png, 416, 1457, 359, 338
images/113.png, 114, 1521, 400, 279
images/114.png, 630, 509, 393, 449
images/114.png, 227, 845, 400, 462
images/114.png, 18, 896, 400, 465
images/114.png, 860, 989, 395, 431
images/114.png, 821, 1516, 380, 279
images/114.png, 1459, 734, 486, 426
images/115.png, 612, 168, 406, 439
images/115.png, 227, 548, 406, 457
images/115.png, 44, 620, 377, 455
images/115.png, 855, 653, 403, 434
images/115.png, 1467, 403, 496, 418
images/115.png, 1289, 1227, 395, 418
images/115.png, 819, 1232, 382, 452
images/115.png, 659, 1625, 380, 173
images/116.png, 26, 346, 390, 444
images/116.png, 251, 276, 387, 455
images/116.png, 876, 362, 380, 426
images/116.png, 1459, 168, 511, 351
images/116.png, 1284, 1033, 408, 455
images/116.png, 806, 958, 398, 449
images/116.png, 653, 1346, 390, 439
images/116.png, 111, 1418, 380, 372
images/116.png, 2157, 1604, 486, 194
images/117.png, 36, 170, 385, 346
images/117.png, 251, 173, 364, 284
images/117.png, 863, 178, 395, 292
images/117.png, 1297, 839, 390, 447
images/117.png, 2139, 1266, 506, 429
images/117.png, 808, 687, 408, 434
images/117.png, 633, 1054, 408, 455
images/117.png, 90, 1188, 421, 449
images/118.png, 108, 548, 398, 434
images/118.png, 2144, 338, 504, 429
images/118.png, 2330, 1532, 382, 263
images/118.png, 375, 1421, 496, 377
images/118.png, 196, 1539, 418, 253
images/119.png, 382, 1248, 496, 416
images/119.png, 217, 1333, 367, 439
images/119.png, 2309, 1193, 408, 478
images/119.png, 2165, 176, 478, 243
images/120.png, 382, 1069, 491, 431
images/120.png, 2317, 901, 406, 460
images/121.png, 566, 1198, 506, 408
images/121.png, 1134, 1268, 387, 364
images/121.png, 1720, 1511, 400, 279
images/121.png, 2397, 1573, 380, 212
images/121.png, 2325, 341, 390, 468
images/122.png, 1116, 1036, 408, 447
images/122.png, 439, 1284, 400, 460
images/122.png, 1725, 1279, 387, 431
images/122.png, 2389, 1191, 406, 460
images/122.png, 2312, 168, 408, 261
images/123.png, 447, 834, 385, 447
images/123.png, 504, 1312, 398, 449
images/123.png, 1511, 1232, 385, 447
images/123.png, 1728, 1033, 382, 455
images/123.png, 1816, 1209, 411, 455
images/123.png, 2389, 765, 390, 478
images/124.png, 444, 222, 395, 444
images/124.png, 517, 816, 377, 449
images/124.png, 1805, 1248, 395, 475
images/124.png, 2392, 258, 393, 457
images/124.png, 10, 1560, 398, 238
images/125.png, 5, 1067, 403, 424
images/125.png, 690, 1428, 390, 367
images/125.png, 36, 1421, 377, 364
images/125.png, 289, 1434, 449, 354
images/125.png, 1813, 777, 382, 460
images/126.png, 697, 811, 390, 442
images/126.png, 2322, 1444, 439, 356
images/126.png, 1981, 1537, 465, 258
images/126.png, 1816, 232, 387, 462
images/127.png, 209, 1049, 398, 439
images/127.png, 940, 1441, 377, 354
images/127.png, 1994, 1129, 475, 418
images/128.png, 199, 385, 411, 462
images/128.png, 940, 811, 385, 449
images/128.png, 576, 1315, 532, 480
images/129.png, 1372, 1049, 375, 447
images/129.png, 196, 1423, 499, 364
images/129.png, 2449, 788, 400, 452
images/130.png, 209, 568, 491, 406
images/130.png, 1157, 775, 393, 452
images/130.png, 839, 1167, 385, 449
images/130.png, 1353, 222, 408, 442
images/130.png, 2446, 173, 406, 292
images/131.png, 824, 168, 416, 245
images/131.png, 328, 1229, 406, 439
images/131.png, 1591, 1144, 393, 444
images/131.png, 1878, 1082, 395, 434
images/132.png, 341, 263, 390, 447
images/132.png, 41, 1465, 480, 333
images/132.png, 1981, 1609, 491, 183
images/133.png, 318, 168, 411, 279
images/133.png, 49, 1160, 501, 429
images/133.png, 953, 1286, 398, 455
images/133.png, 1583, 1462, 403, 333
images/133.png, 1984, 1377, 493, 403
images/134.png, 958, 695, 395, 452
images/134.png, 44, 669, 493, 411
images/134.png, 155, 1118, 406, 449
images/134.png, 1581, 829, 398, 460
images/134.png, 1981, 997, 486, 408
images/134.png, 1867, 1173, 395, 452
images/134.png, 2361, 1289, 395, 470
images/135.png, 96, 170, 457, 227
images/135.png, 1862, 222, 400, 444
images/135.png, 1976, 455, 501, 421
images/135.png, 1312, 1299, 380, 354
images/135.png, 2304, 1446, 403, 349
images/135.png, 1607, 176, 377, 181
images/136.png, 1312, 1041, 375, 421
images/136.png, 2312, 1093, 398, 449
images/136.png, 1382, 1348, 380, 434
images/136.png, 1000, 1599, 297, 194
images/137.png, 976, 1113, 390, 439
images/137.png, 943, 1423, 387, 364
images/137.png, 8, 1490, 460, 305
images/137.png, 695, 1516, 491, 263
images/137.png, 1284, 687, 475, 555
images/137.png, 1426, 1069, 506, 408
images/137.png, 2304, 612, 403, 462
images/138.png, 690, 945, 522, 416
images/138.png, 23, 1059, 444, 491
images/138.png, 979, 674, 393, 573
images/138.png, 1299, 336, 468, 473
images/138.png, 2319, 191, 387, 447
images/138.png, 1831, 1477, 395, 313
images/139.png, 708, 535, 488, 408
images/139.png, 101, 713, 367, 442
images/139.png, 13, 816, 400, 442
images/139.png, 976, 377, 398, 480
images/139.png, 1294, 165, 465, 398
images/139.png, 1829, 1129, 398, 470
images/139.png, 2325, 168, 359, 155
images/140.png, 80, 385, 403, 444
images/140.png, 26, 535, 369, 447
images/140.png, 940, 158, 455, 331
images/140.png, 1816, 790, 408, 462
images/140.png, 1886, 1519, 395, 276
images/140.png, 956, 1436, 356, 354
images/140.png, 506, 1578, 387, 217
images/141.png, 72, 160, 403, 390
images/141.png, 8, 292, 403, 447
images/141.png, 496, 1322, 403, 449
images/141.png, 956, 1219, 377, 447
images/141.png, 1886, 1229, 403, 447
images/141.png, 1824, 504, 400, 460
images/142.png, 10, 163, 424, 408
images/142.png, 499, 1131, 400, 431
images/142.png, 956, 1069, 390, 455
images/142.png, 1542, 1268, 390, 462
images/142.png, 1904, 1036, 387, 449
images/142.png, 1816, 289, 406, 437
images/143.png, 945, 829, 395, 478
images/143.png, 1527, 914, 411, 462
images/143.png, 1878, 731, 413, 444
images/143.png, 1824, 173, 403, 251
images/143.png, 426, 1570, 393, 225
images/144.png, 956, 517, 380, 457
images/144.png, 434, 1075, 382, 460
images/144.png, 1529, 426, 403, 462
images/144.png, 2252, 1302, 493, 426
images/145.png, 956, 276, 393, 449
images/145.png, 426, 700, 390, 447
images/145.png, 976, 1392, 393, 408
images/145.png, 1519, 168, 429, 346
images/145.png, 2454, 1501, 400, 297
images/146.png, 413, 269, 408, 468
images/146.png, 979, 958, 382, 460
images/146.png, 584, 1294, 403, 444
images/146.png, 948, 176, 408, 297
images/146.png, 1847, 1446, 488, 349
images/147.png, 971, 480, 408, 468
images/147.png, 584, 777, 398, 444
images/147.png, 522, 1431, 411, 362
images/148.png, 597, 359, 382, 444
images/148.png, 979, 165, 393, 375
images/148.png, 530, 1090, 395, 444
images/149.png, 584, 168, 398, 248
images/149.png, 134, 1434, 398, 362
images/149.png, 1413, 1384, 375, 274
images/149.png, 2304, 1506, 387, 289
images/150.png, 150, 932, 377, 449
images/150.png, 2304, 1196, 387, 460
images/151.png, 956, 951, 372, 431
images/152.png, 52, 168, 406, 411
images/152.png, 1994, 581, 375, 421
images/152.png, 2322, 1072, 372, 504
images/152.png, 1955, 896, 532, 501
images/152.png, 1700, 1059, 403, 444
images/152.png, 390, 1555, 395, 238
images/153.png, 398, 666, 398, 431
images/153.png, 431, 1018, 398, 431
images/153.png, 2051, 956, 411, 473
images/153.png, 1700, 173, 395, 400
images/153.png, 925, 1545, 364, 240
images/154.png, 398, 284, 403, 444
images/154.png, 434, 612, 403, 437
images/154.png, 917, 1198, 493, 416
images/154.png, 1953, 1467, 491, 325
images/154.png, 2064, 561, 390, 465
images/155.png, 1966, 775, 483, 424
images/155.png, 1798, 1304, 390, 465
images/155.png, 1235, 1413, 372, 240
images/156.png, 1224, 881, 375, 452
images/156.png, 1798, 925, 387, 437
images/157.png, 607, 708, 478, 416
images/157.png, 2348, 178, 501, 594
images/157.png, 88, 917, 387, 457
images/157.png, 336, 1405, 488, 380
images/157.png, 284, 956, 387, 429
images/158.png, 615, 284, 473, 413
images/158.png, 274, 493, 387, 455
images/158.png, 93, 615, 387, 462
images/158.png, 346, 878, 480, 398
images/158.png, 935, 1304, 493, 421
images/158.png, 1896, 1276, 390, 452
images/158.png, 2343, 173, 400, 331
images/159.png, 1408, 176, 400, 377
images/159.png, 2180, 232, 387, 444
images/159.png, 65, 839, 382, 449
images/159.png, 305, 1421, 393, 372
images/159.png, 1041, 1552, 243, 227
images/160.png, 70, 238, 380, 452
images/160.png, 300, 870, 382, 457
images/160.png, 385, 1080, 398, 447
images/160.png, 1020, 979, 393, 455
images/160.png, 1656, 927, 400, 455
images/160.png, 2118, 1503, 449, 297
images/161.png, 294, 176, 483, 468
images/161.png, 1025, 165, 380, 395
images/161.png, 994, 713, 382, 465
images/161.png, 1137, 896, 377, 460
images/161.png, 470, 1413, 387, 380
images/161.png, 1537, 1013, 387, 439
images/161.png, 1738, 1545, 488, 248
images/161.png, 2134, 437, 380, 434
images/161.png, 2234, 173, 369, 406
images/162.png, 974, 170, 416, 307
images/162.png, 1126, 506, 403, 442
images/162.png, 475, 563, 377, 460
images/162.png, 34, 1415, 509, 382
images/162.png, 1534, 201, 380, 444
images/162.png, 2309, 1508, 400, 282
images/163.png, 1581, 256, 398, 444
images/163.png, 2319, 375, 387, 462
images/163.png, 39, 496, 406, 444
images/163.png, 165, 896, 488, 362
images/163.png, 253, 1049, 380, 447
images/163.png, 331, 1596, 372, 196
images/163.png, 677, 1506, 398, 279
images/163.png, 1738, 1511, 364, 279
images/164.png, 351, 444, 400, 449
images/164.png, 305, 894, 403, 449
images/164.png, 762, 1227, 387, 447
images/164.png, 1020, 715, 393, 439
images/164.png, 979, 920, 380, 424
images/164.png, 1705, 922, 499, 413
images/164.png, 2330, 1186, 400, 473
images/165.png, 344, 170, 408, 227
images/165.png, 315, 499, 382, 442
images/165.png, 752, 796, 406, 462
images/165.png, 1005, 266, 411, 457
images/165.png, 974, 532, 382, 439
images/165.png, 1700, 535, 504, 442
images/165.png, 2335, 803, 408, 457
images/165.png, 1906, 1563, 504, 230
images/166.png, 1346, 651, 496, 398
images/166.png, 1909, 855, 499, 424
images/166.png, 2048, 1550, 380, 251
images/166.png, 1501, 1134, 393, 442
images/166.png, 1129, 1297, 380, 344
images/166.png, 524, 1204, 403, 447
images/167.png, 535, 408, 390, 439
images/167.png, 214, 1064, 493, 411
images/167.png, 72, 1444, 473, 349
images/167.png, 1909, 214, 488, 395
images/167.png, 2048, 628, 475, 530
images/167.png, 2412, 860, 341, 455
images/167.png, 2188, 997, 462, 354
images/167.png, 2247, 1294, 398, 429
images/167.png, 1129, 289, 385, 429
images/167.png, 1493, 519, 393, 444
images/167.png, 940, 1596, 372, 204
images/168.png, 230, 615, 483, 380
images/168.png, 65, 940, 501, 416
images/168.png, 925, 1157, 398, 457
images/168.png, 1242, 1372, 395, 266
images/168.png, 1901, 1211, 393, 457
images/168.png, 2020, 992, 493, 398
images/168.png, 2273, 883, 380, 426
images/168.png, 2172, 548, 457, 390
images/168.png, 2397, 390, 362, 434
images/168.png, 2053, 173, 475, 429
images/168.png, 1493, 176, 393, 462
images/168.png, 527, 168, 413, 232
images/169.png, 938, 178, 382, 313
images/169.png, 847, 901, 375, 452
images/169.png, 912, 1082, 375, 434
images/169.png, 1095, 920, 460, 421
images/169.png, 1217, 1134, 398, 434
images/169.png, 1676, 1348, 393, 442
images/169.png, 1893, 165, 426, 183
images/170.png, 917, 542, 604, 504
images/170.png, 49, 963, 395, 452
images/170.png, 1428, 1255, 387, 385
images/170.png, 1994, 517, 387, 452
images/170.png, 2043, 746, 426, 460
images/171.png, 52, 263, 390, 444
images/171.png, 121, 1537, 403, 263
images/171.png, 1426, 783, 398, 468
images/171.png, 1583, 1475, 403, 313
images/171.png, 891, 170, 607, 297
images/171.png, 2043, 217, 408, 455
images/172.png, 103, 173, 395, 263
images/172.png, 132, 581, 406, 442
images/172.png, 240, 1338, 375, 444
images/172.png, 726, 1116, 545, 530
images/172.png, 1604, 752, 380, 452
images/172.png, 2348, 204, 393, 455
images/173.png, 142, 269, 385, 465
images/173.png, 232, 860, 382, 444
images/173.png, 302, 1356, 483, 413
images/173.png, 752, 798, 509, 506
images/173.png, 1072, 1320, 473, 320
images/174.png, 225, 163, 398, 398
images/174.png, 710, 261, 403, 468
images/174.png, 320, 682, 473, 418
images/174.png, 568, 1258, 406, 421
images/174.png, 1077, 697, 473, 421
images/174.png, 1351, 901, 491, 411
images/174.png, 1304, 1067, 465, 393
images/175.png, 302, 240, 493, 413
images/175.png, 1069, 289, 488, 421
images/175.png, 1307, 406, 540, 519
images/175.png, 581, 984, 382, 439
images/175.png, 1875, 1467, 382, 331
images/175.png, 2149, 1405, 395, 390
images/176.png, 573, 522, 400, 475
images/176.png, 1242, 994, 496, 416
images/176.png, 1870, 1049, 411, 460
images/176.png, 2152, 821, 403, 468
images/176.png, 2286, 1175, 522, 530
images/177.png, 563, 170, 413, 248
images/177.png, 1258, 460, 403, 449
images/177.png, 607, 1064, 486, 434
images/177.png, 147, 1467, 377, 325
images/177.png, 418, 1550, 351, 245
images/177.png, 1886, 532, 393, 462
images/177.png, 2301, 545, 382, 462
images/177.png, 2152, 165, 377, 367
images/177.png, 2415, 170, 380, 364
images/177.png, 2443, 1529, 411, 269
images/178.png, 142, 170, 382, 209
images/178.png, 395, 238, 367, 444
images/178.png, 956, 424, 372, 439
images/178.png, 1343, 630, 499, 426
images/178.png, 480, 994, 375, 449
images/178.png, 713, 1589, 382, 207
images/178.png, 2066, 1067, 367, 447
images/178.png, 2319, 1224, 393, 447
images/178.png, 2474, 305, 380, 449
images/179.png, 1343, 170, 501, 263
images/179.png, 2061, 243, 380, 457
images/179.png, 2327, 708, 385, 455
images/179.png, 1235, 1103, 393, 457
images/179.png, 710, 1007, 382, 452
images/179.png, 282, 863, 406, 442
images/180.png, 300, 344, 387, 444
images/180.png, 1242, 803, 382, 447
images/180.png, 2325, 429, 390, 455
images/180.png, 2327, 1490, 496, 305
images/181.png, 1214, 165, 408, 356
images/181.png, 315, 1126, 398, 457
images/181.png, 1994, 1059, 372, 421
images/181.png, 1942, 1281, 387, 434
images/181.png, 2154, 870, 367, 457
images/181.png, 2335, 870, 496, 418
images/181.png, 127, 1622, 488, 170
images/182.png, 328, 359, 387, 468
images/182.png, 116, 1160, 493, 449
images/182.png, 622, 1253, 504, 424
images/182.png, 1940, 752, 382, 452
images/182.png, 1991, 558, 375, 434
images/182.png, 2167, 406, 362, 455
images/182.png, 2335, 473, 486, 406
images/183.png, 127, 687, 486, 421
images/183.png, 625, 697, 478, 411
images/183.png, 638, 1335, 393, 437
images/183.png, 103, 1227, 390, 473
images/183.png, 1927, 204, 398, 473
images/183.png, 2134, 176, 398, 199
images/184.png, 114, 196, 504, 413
images/184.png, 617, 176, 493, 344
images/184.png, 641, 798, 403, 421
images/184.png, 39, 1080, 387, 439
images/184.png, 963, 1576, 338, 225
images/184.png, 1888, 1415, 385, 380
images/184.png, 2361, 1550, 390, 243
images/185.png, 648, 274, 395, 465
images/185.png, 953, 894, 398, 449
images/185.png, 189, 1330, 511, 439
images/185.png, 1893, 1033, 393, 426
images/185.png, 1795, 1284, 393, 455
images/185.png, 2348, 951, 406, 455
images/186.png, 945, 178, 406, 452
images/186.png, 199, 945, 499, 444
images/186.png, 1777, 545, 501, 499
images/186.png, 2350, 305, 390, 475
images/187.png, 181, 178, 509, 377
images/187.png, 222, 610, 380, 447
images/187.png, 837, 1018, 390, 460
images/187.png, 1351, 1180, 524, 418
images/187.png, 1041, 1167, 364, 478
images/187.png, 705, 1452, 403, 338
images/187.png, 1746, 1501, 387, 292
images/187.png, 2451, 770, 385, 465
images/188.png, 204, 163, 403, 323
images/188.png, 839, 661, 395, 488
images/188.png, 713, 948, 395, 447
images/188.png, 1051, 850, 380, 444
images/188.png, 1353, 700, 483, 406
images/188.png, 1746, 932, 390, 457
images/188.png, 2449, 426, 395, 457
images/188.png, 1498, 1436, 367, 351
images/188.png, 468, 1503, 387, 289
images/189.png, 723, 318, 369, 434
images/189.png, 878, 214, 359, 457
images/189.png, 1038, 449, 406, 444
images/189.png, 940, 943, 504, 530
images/189.png, 1485, 943, 390, 465
images/189.png, 462, 842, 393, 449
images/189.png, 41, 1085, 387, 447
images/189.png, 1330, 173, 496, 349
images/189.png, 1736, 251, 387, 447
images/189.png, 2436, 165, 403, 282
images/190.png, 1235, 282, 395, 468
images/190.png, 674, 816, 480, 403
images/190.png, 532, 1423, 380, 375
images/190.png, 1774, 406, 390, 470
images/190.png, 2020, 462, 367, 457
images/190.png, 2087, 289, 380, 439
images/191.png, 524, 452, 400, 455
images/191.png, 421, 708, 483, 411
images/191.png, 762, 860, 488, 511
images/191.png, 90, 1434, 390, 354
images/191.png, 1240, 1191, 385, 462
images/191.png, 1413, 1224, 480, 395
images/191.png, 1638, 1403, 375, 390
images/192.png, 1250, 338, 377, 462
images/192.png, 762, 163, 488, 282
images/192.png, 85, 320, 403, 470
images/192.png, 287, 1322, 514, 455
images/192.png, 1534, 987, 393, 426
images/192.png, 2131, 1165, 416, 457
images/193.png, 282, 194, 522, 591
images/193.png, 75, 1025, 395, 465
images/193.png, 227, 1570, 398, 222
images/193.png, 1529, 1059, 486, 416
images/193.png, 1529, 212, 387, 455
images/193.png, 2131, 336, 406, 447
images/193.png, 2428, 741, 403, 444
images/193.png, 1511, 1459, 276, 289
images/194.png, 72, 163, 400, 411
images/194.png, 230, 641, 400, 439
images/194.png, 1539, 460, 486, 426
images/194.png, 1537, 1359, 325, 395
images/194.png, 460, 1384, 372, 406
images/194.png, 88, 1475, 406, 323
images/195.png, 452, 452, 372, 434
images/195.png, 101, 1002, 400, 457
images/195.png, 398, 1304, 514, 400
images/195.png, 1470, 741, 393, 447
images/195.png, 1836, 762, 390, 418
images/195.png, 1563, 165, 429, 196
images/196.png, 400, 408, 501, 434
images/196.png, 108, 390, 382, 473
images/196.png, 1459, 165, 403, 222
images/196.png, 1315, 1087, 393, 460
images/196.png, 692, 1372, 400, 426
images/196.png, 2033, 1222, 400, 439
images/197.png, 1310, 527, 400, 449
images/197.png, 708, 948, 387, 457
images/197.png, 93, 163, 400, 351
images/197.png, 2046, 855, 382, 444
images/197.png, 2149, 1361, 496, 393
images/198.png, 692, 165, 400, 421
images/198.png, 1204, 971, 395, 457
images/198.png, 2273, 963, 483, 548
images/198.png, 2030, 158, 398, 442
images/198.png, 1235, 1403, 496, 243
images/198.png, 2480, 749, 380, 465
images/199.png, 28, 749, 395, 462
images/199.png, 1056, 455, 403, 473
images/199.png, 1064, 199, 398, 395
images/199.png, 297, 181, 395, 225
images/199.png, 604, 165, 344, 160
images/199.png, 1157, 1250, 491, 411
images/199.png, 2211, 173, 488, 320
flipped_images/0.png, 1380, 739, 369, 452
flipped_images/0.png, 144, 325, 367, 460
flipped_images/0.png, 41, 723, 393, 452
flipped_images/0.png, 1581, 1338, 359, 447
flipped_images/0.png, 1726, 1470, 377, 325
flipped_images/0.png, 2223, 1410, 375, 382
flipped_images/1.png, 248, 1131, 385, 470
flipped_images/2.png, 56, 899, 486, 555
flipped_images/2.png, 667, 1638, 400, 158
flipped_images/2.png, 2019, 1635, 406, 160
flipped_images/3.png, 1284, 1369, 483, 416
flipped_images/3.png, 558, 1276, 390, 473
flipped_images/4.png, 2033, 1289, 377, 460
flipped_images/4.png, 672, 1080, 377, 447
flipped_images/4.png, 1018, 1617, 387, 178
flipped_images/4.png, 57, 478, 488, 457
flipped_images/5.png, 2048, 387, 473, 416
flipped_images/5.png, 1793, 431, 488, 418
flipped_images/5.png, 1030, 431, 460, 480
flipped_images/5.png, 121, 741, 385, 465
flipped_images/5.png, 95, 1002, 411, 429
flipped_images/5.png, 1126, 1338, 385, 442
flipped_images/5.png, 920, 1374, 377, 398
flipped_images/5.png, 1883, 1361, 385, 426
flipped_images/6.png, 2031, 803, 387, 447
flipped_images/6.png, 1916, 1369, 380, 424
flipped_images/6.png, 1516, 1638, 385, 158
flipped_images/7.png, 2030, 240, 499, 344
flipped_images/7.png, 1792, 243, 491, 320
flipped_images/7.png, 1020, 243, 478, 468
flipped_images/7.png, 113, 509, 393, 468
flipped_images/7.png, 88, 653, 403, 475
flipped_images/7.png, 907, 1064, 390, 475
flipped_images/7.png, 1137, 1152, 382, 452
flipped_images/7.png, 1530, 1379, 387, 416
flipped_images/7.png, 1872, 1090, 393, 452
flipped_images/8.png, 2030, 524, 380, 447
flipped_images/8.png, 1901, 1051, 408, 449
flipped_images/8.png, 1506, 1341, 382, 439
flipped_images/8.png, 1312, 1418, 380, 372
flipped_images/8.png, 875, 1253, 478, 418
flipped_images/9.png, 2328, 741, 387, 449
flipped_images/9.png, 1578, 1121, 385, 457
flipped_images/9.png, 1260, 1361, 385, 431
flipped_images/10.png, 537, 1183, 385, 457
flipped_images/10.png, 693, 1253, 369, 473
flipped_images/11.png, 1756, 1108, 385, 462
flipped_images/11.png, 1917, 1374, 480, 403
flipped_images/11.png, 617, 1191, 377, 480
flipped_images/11.png, 1253, 1550, 387, 240
flipped_images/11.png, 314, 1187, 490, 424
flipped_images/12.png, 757, 1319, 386, 455
flipped_images/12.png, 333, 999, 377, 468
flipped_images/12.png, 52, 915, 335, 476
flipped_images/13.png, 1648, 1293, 372, 485
flipped_images/13.png, 464, 1434, 393, 344
flipped_images/14.png, 1634, 1440, 396, 359
flipped_images/14.png, 463, 1016, 381, 442
flipped_images/15.png, 304, 1428, 381, 359
flipped_images/16.png, 718, 921, 387, 476
flipped_images/16.png, 515, 958, 372, 445
flipped_images/16.png, 1642, 1225, 381, 439
flipped_images/16.png, 1891, 1587, 418, 209
flipped_images/16.png, 492, 1551, 411, 243
flipped_images/17.png, 1851, 964, 384, 448
flipped_images/17.png, 998, 1056, 405, 445
flipped_images/17.png, 399, 924, 390, 476
flipped_images/17.png, 522, 1603, 399, 197
flipped_images/18.png, 721, 1271, 378, 451
flipped_images/18.png, 298, 1013, 402, 445
flipped_images/18.png, 52, 906, 347, 467
flipped_images/18.png, 242, 1501, 384, 289
flipped_images/18.png, 1385, 1597, 390, 190
flipped_images/19.png, 531, 1529, 378, 267
flipped_images/20.png, 2097, 1105, 494, 421
flipped_images/20.png, 1446, 1495, 408, 292
flipped_images/21.png, 58, 811, 418, 433
flipped_images/21.png, 694, 1194, 405, 451
flipped_images/21.png, 758, 1544, 390, 243
flipped_images/22.png, 1946, 1154, 378, 464
flipped_images/22.png, 1652, 1164, 387, 430
flipped_images/22.png, 746, 1124, 402, 461
flipped_images/23.png, 246, 1081, 488, 436
flipped_images/23.png, 1053, 255, 384, 451
flipped_images/23.png, 1323, 243, 356, 267
flipped_images/23.png, 2389, 1035, 387, 448
flipped_images/23.png, 2140, 1372, 381, 421
flipped_images/24.png, 2410, 479, 390, 461
flipped_images/24.png, 2272, 1308, 390, 451
flipped_images/24.png, 203, 1081, 390, 454
flipped_images/24.png, 685, 1572, 362, 209
flipped_images/25.png, 2232, 1271, 362, 454
flipped_images/25.png, 1901, 1336, 402, 445
flipped_images/26.png, 2232, 792, 378, 470
flipped_images/26.png, 1892, 758, 402, 482
flipped_images/27.png, 1268, 1170, 510, 427
flipped_images/27.png, 1627, 1271, 387, 461
flipped_images/27.png, 1977, 1676, 384, 114
flipped_images/28.png, 1971, 1250, 531, 476
flipped_images/28.png, 2419, 1597, 350, 200
flipped_images/29.png, 952, 1437, 381, 353
flipped_images/30.png, 574, 752, 375, 445
flipped_images/30.png, 746, 1274, 372, 433
flipped_images/30.png, 252, 1455, 368, 335
flipped_images/31.png, 2103, 310, 387, 442
flipped_images/31.png, 2352, 679, 368, 427
flipped_images/31.png, 719, 893, 482, 396
flipped_images/31.png, 964, 1111, 479, 402
flipped_images/31.png, 2045, 1557, 365, 230
flipped_images/31.png, 2330, 1557, 372, 233
flipped_images/32.png, 958, 249, 479, 310
flipped_images/32.png, 722, 249, 448, 175
flipped_images/32.png, 2048, 654, 359, 445
flipped_images/32.png, 2318, 976, 381, 445
flipped_images/32.png, 1704, 893, 375, 461
flipped_images/32.png, 1732, 1403, 479, 384
flipped_images/32.png, 1431, 1461, 368, 322
flipped_images/33.png, 1701, 249, 396, 325
flipped_images/33.png, 2324, 540, 378, 461
flipped_images/33.png, 878, 1419, 387, 378
flipped_images/33.png, 580, 1314, 378, 479
flipped_images/33.png, 123, 1262, 368, 445
flipped_images/34.png, 574, 967, 390, 461
flipped_images/34.png, 107, 967, 384, 473
flipped_images/34.png, 1026, 1437, 393, 359
flipped_images/34.png, 2315, 310, 387, 454
flipped_images/35.png, 2321, 243, 390, 267
flipped_images/35.png, 1032, 1029, 368, 461
flipped_images/35.png, 224, 1394, 353, 393
flipped_images/36.png, 497, 1280, 378, 442
flipped_images/37.png, 1820, 709, 467, 399
flipped_images/37.png, 1074, 1326, 384, 430
flipped_images/37.png, 455, 1001, 485, 427
flipped_images/37.png, 233, 734, 381, 436
flipped_images/38.png, 934, 1087, 362, 464
flipped_images/38.png, 614, 1111, 372, 430
flipped_images/38.png, 1937, 1013, 381, 442
flipped_images/38.png, 2336, 1170, 384, 451
flipped_images/39.png, 936, 590, 384, 464
flipped_images/39.png, 596, 737, 405, 424
flipped_images/39.png, 1928, 298, 375, 457
flipped_images/39.png, 2339, 543, 381, 445
flipped_images/39.png, 2112, 1345, 396, 439
flipped_images/39.png, 427, 1581, 470, 203
flipped_images/40.png, 928, 249, 368, 372
flipped_images/40.png, 2349, 249, 368, 184
flipped_images/40.png, 2112, 995, 381, 433
flipped_images/40.png, 1060, 1317, 359, 430
flipped_images/40.png, 537, 1216, 470, 411
flipped_images/40.png, 408, 912, 470, 402
flipped_images/40.png, 620, 396, 378, 464
flipped_images/41.png, 2112, 623, 381, 454
flipped_images/41.png, 1050, 992, 353, 448
flipped_images/41.png, 716, 1154, 494, 399
flipped_images/41.png, 528, 654, 488, 424
flipped_images/41.png, 406, 267, 491, 414
flipped_images/42.png, 2112, 252, 384, 454
flipped_images/42.png, 1430, 1142, 467, 445
flipped_images/42.png, 509, 1468, 372, 319
flipped_images/42.png, 1044, 645, 381, 457
flipped_images/42.png, 719, 636, 485, 414
flipped_images/42.png, 543, 249, 464, 236
flipped_images/43.png, 1017, 249, 408, 372
flipped_images/43.png, 507, 897, 356, 427
flipped_images/43.png, 1407, 540, 497, 427
flipped_images/43.png, 1787, 1016, 387, 448
flipped_images/43.png, 1499, 1176, 362, 411
flipped_images/43.png, 2057, 1415, 387, 381
flipped_images/44.png, 1661, 1243, 396, 430
flipped_images/44.png, 2042, 255, 402, 221
flipped_images/44.png, 2300, 1575, 479, 221
flipped_images/44.png, 813, 1535, 381, 258
flipped_images/45.png, 1661, 1029, 375, 427
flipped_images/45.png, 2285, 1326, 500, 433
flipped_images/46.png, 2272, 1041, 510, 439
flipped_images/47.png, 565, 1059, 387, 448
flipped_images/47.png, 740, 1458, 390, 335
flipped_images/48.png, 1486, 1376, 387, 408
flipped_images/48.png, 581, 1449, 359, 338
flipped_images/49.png, 623, 1262, 390, 457
flipped_images/49.png, 2143, 1326, 365, 467
flipped_images/50.png, 627, 470, 377, 457
flipped_images/51.png, 946, 1604, 382, 189
flipped_images/52.png, 2397, 475, 380, 444
flipped_images/52.png, 1881, 821, 382, 447
flipped_images/52.png, 1809, 635, 356, 488
flipped_images/52.png, 1250, 734, 398, 457
flipped_images/52.png, 147, 1005, 499, 426
flipped_images/53.png, 2382, 248, 395, 261
flipped_images/53.png, 1808, 245, 462, 431
flipped_images/53.png, 1255, 310, 393, 462
flipped_images/53.png, 158, 501, 480, 416
flipped_images/53.png, 250, 1286, 380, 437
flipped_images/53.png, 475, 1304, 478, 418
flipped_images/53.png, 630, 1431, 561, 364
flipped_images/54.png, 460, 1036, 480, 424
flipped_images/54.png, 788, 1173, 400, 462
flipped_images/54.png, 579, 1410, 408, 367
flipped_images/54.png, 251, 1054, 395, 452
flipped_images/54.png, 1934, 1607, 393, 189
flipped_images/54.png, 158, 245, 483, 318
flipped_images/54.png, 1258, 245, 387, 271
flipped_images/55.png, 468, 331, 475, 403
flipped_images/55.png, 276, 514, 354, 431
flipped_images/55.png, 777, 522, 375, 457
flipped_images/55.png, 607, 772, 390, 442
flipped_images/55.png, 880, 1002, 393, 444
flipped_images/55.png, 1335, 788, 385, 452
flipped_images/55.png, 1924, 912, 395, 449
flipped_images/55.png, 2330, 1454, 431, 331
flipped_images/56.png, 1924, 437, 408, 470
flipped_images/56.png, 878, 524, 393, 449
flipped_images/56.png, 1214, 927, 377, 460
flipped_images/56.png, 1410, 1348, 514, 413
flipped_images/56.png, 2382, 951, 390, 437
flipped_images/56.png, 2319, 1118, 398, 439
flipped_images/56.png, 1327, 245, 377, 271
flipped_images/57.png, 1935, 245, 382, 356
flipped_images/57.png, 1420, 920, 491, 424
flipped_images/57.png, 258, 1279, 375, 457
flipped_images/57.png, 2384, 617, 385, 429
flipped_images/57.png, 2327, 889, 398, 380
flipped_images/58.png, 2386, 393, 367, 442
flipped_images/58.png, 2322, 651, 400, 444
flipped_images/58.png, 2280, 1488, 375, 305
flipped_images/58.png, 243, 1044, 403, 442
flipped_images/59.png, 2382, 240, 400, 279
flipped_images/59.png, 2327, 385, 398, 449
flipped_images/59.png, 1834, 1547, 385, 240
flipped_images/59.png, 924, 1514, 398, 271
flipped_images/60.png, 1522, 1384, 475, 398
flipped_images/61.png, 1987, 775, 387, 473
flipped_images/62.png, 2446, 806, 385, 447
flipped_images/62.png, 1488, 1237, 364, 431
flipped_images/62.png, 2312, 1609, 292, 183
flipped_images/63.png, 1465, 253, 382, 449
flipped_images/63.png, 1480, 522, 367, 431
flipped_images/63.png, 2211, 770, 390, 470
flipped_images/63.png, 1617, 1232, 393, 447
flipped_images/63.png, 1947, 1173, 473, 416
flipped_images/63.png, 2314, 1648, 220, 137
flipped_images/64.png, 2229, 300, 354, 462
flipped_images/64.png, 1630, 728, 364, 455
flipped_images/64.png, 1467, 245, 380, 318
flipped_images/64.png, 1932, 700, 483, 382
flipped_images/64.png, 2188, 1266, 367, 437
flipped_images/64.png, 1692, 1276, 349, 468
flipped_images/64.png, 1854, 1294, 437, 408
flipped_images/65.png, 1684, 235, 395, 442
flipped_images/65.png, 2175, 444, 377, 460
flipped_images/65.png, 2030, 927, 367, 449
flipped_images/65.png, 1671, 1033, 398, 447
flipped_images/65.png, 2198, 1237, 493, 390
flipped_images/65.png, 2148, 1320, 380, 449
flipped_images/66.png, 1328, 488, 449, 411
flipped_images/66.png, 1263, 269, 375, 442
flipped_images/66.png, 204, 1129, 271, 434
flipped_images/66.png, 1245, 1560, 276, 227
flipped_images/67.png, 1482, 617, 473, 418
flipped_images/67.png, 1136, 253, 354, 380
flipped_images/67.png, 1150, 643, 377, 444
flipped_images/67.png, 909, 1023, 380, 426
flipped_images/67.png, 1420, 1545, 380, 256
flipped_images/67.png, 204, 380, 266, 431
flipped_images/68.png, 1428, 424, 359, 449
flipped_images/68.png, 522, 581, 395, 470
flipped_images/68.png, 421, 1111, 468, 114
flipped_images/69.png, 1598, 819, 375, 227
flipped_images/69.png, 1288, 824, 455, 313
flipped_images/69.png, 2363, 1108, 372, 424
flipped_images/69.png, 2229, 1408, 393, 393
flipped_images/69.png, 2053, 1167, 359, 411
flipped_images/70.png, 1785, 307, 509, 382
flipped_images/70.png, 2418, 315, 276, 119
flipped_images/70.png, 2064, 847, 470, 398
flipped_images/70.png, 1635, 669, 380, 449
flipped_images/70.png, 1762, 705, 457, 408
flipped_images/70.png, 2054, 1281, 395, 434
flipped_images/71.png, 2064, 434, 364, 434
flipped_images/71.png, 2157, 1235, 372, 452
flipped_images/71.png, 1146, 1046, 393, 449
flipped_images/72.png, 1932, 710, 387, 465
flipped_images/72.png, 1421, 548, 387, 452
flipped_images/72.png, 984, 1124, 496, 475
flipped_images/72.png, 532, 1098, 359, 457
flipped_images/72.png, 222, 899, 385, 460
flipped_images/73.png, 2443, 780, 380, 457
flipped_images/73.png, 1087, 1152, 341, 434
flipped_images/73.png, 292, 1289, 501, 421
flipped_images/73.png, 514, 344, 375, 439
flipped_images/73.png, 233, 248, 356, 356
flipped_images/73.png, 1038, 243, 375, 413
flipped_images/73.png, 1689, 261, 359, 449
flipped_images/74.png, 2454, 253, 367, 369
flipped_images/74.png, 1702, 1175, 359, 447
flipped_images/74.png, 1101, 943, 475, 395
flipped_images/74.png, 925, 1090, 395, 465
flipped_images/74.png, 1074, 524, 372, 434
flipped_images/74.png, 300, 571, 470, 411
flipped_images/75.png, 1691, 765, 393, 457
flipped_images/75.png, 1307, 1046, 385, 468
flipped_images/75.png, 452, 1299, 393, 473
flipped_images/75.png, 1088, 1558, 196, 230
flipped_images/76.png, 1079, 1007, 380, 455
flipped_images/76.png, 450, 927, 382, 455
flipped_images/76.png, 512, 1545, 377, 251
flipped_images/77.png, 2360, 1237, 486, 406
flipped_images/77.png, 449, 537, 393, 452
flipped_images/77.png, 625, 1346, 390, 437
flipped_images/78.png, 2359, 555, 480, 429
flipped_images/78.png, 2072, 1085, 480, 418
flipped_images/78.png, 1718, 1188, 359, 447
flipped_images/78.png, 460, 238, 387, 232
flipped_images/79.png, 2333, 775, 382, 470
flipped_images/79.png, 1994, 1005, 483, 411
flipped_images/79.png, 1390, 1118, 377, 460
flipped_images/79.png, 1165, 1335, 421, 395
flipped_images/80.png, 2319, 251, 393, 315
flipped_images/80.png, 1981, 359, 499, 406
flipped_images/80.png, 1720, 1054, 385, 434
flipped_images/80.png, 1382, 315, 395, 488
flipped_images/81.png, 1842, 1209, 377, 447
flipped_images/81.png, 1475, 1087, 380, 457
flipped_images/82.png, 2142, 938, 387, 452
flipped_images/82.png, 1979, 1106, 395, 460
flipped_images/83.png, 1818, 1116, 478, 411
flipped_images/83.png, 1475, 896, 387, 468
flipped_images/83.png, 2180, 248, 385, 356
flipped_images/83.png, 1297, 240, 387, 258
flipped_images/83.png, 1310, 1475, 387, 318
flipped_images/84.png, 2322, 726, 393, 449
flipped_images/84.png, 2405, 1031, 382, 455
flipped_images/84.png, 1762, 1121, 524, 501
flipped_images/84.png, 1413, 400, 387, 452
flipped_images/85.png, 1444, 814, 475, 408
flipped_images/85.png, 1180, 1377, 380, 418
flipped_images/85.png, 1756, 478, 473, 418
flipped_images/85.png, 2407, 238, 385, 449
flipped_images/85.png, 1909, 238, 387, 287
flipped_images/85.png, 2195, 447, 354, 447
flipped_images/86.png, 1007, 728, 390, 462
flipped_images/86.png, 997, 1204, 375, 429
flipped_images/86.png, 715, 1232, 465, 393
flipped_images/86.png, 1214, 1640, 380, 152
flipped_images/86.png, 1157, 245, 496, 263
flipped_images/87.png, 1338, 754, 390, 452
flipped_images/87.png, 894, 1465, 403, 331
flipped_images/87.png, 1209, 240, 382, 362
flipped_images/87.png, 963, 243, 390, 302
flipped_images/87.png, 2279, 1085, 400, 455
flipped_images/87.png, 1944, 1276, 375, 447
flipped_images/88.png, 1581, 1196, 382, 449
flipped_images/88.png, 1087, 1276, 380, 465
flipped_images/88.png, 814, 1069, 413, 462
flipped_images/88.png, 2278, 607, 382, 449
flipped_images/88.png, 2141, 245, 362, 418
flipped_images/88.png, 1345, 238, 393, 292
flipped_images/88.png, 1937, 1601, 367, 181
flipped_images/89.png, 1816, 437, 377, 418
flipped_images/89.png, 1576, 284, 377, 455
flipped_images/89.png, 1924, 245, 385, 294
flipped_images/89.png, 2095, 1291, 390, 457
flipped_images/89.png, 736, 1036, 382, 468
flipped_images/89.png, 1008, 1477, 426, 310
flipped_images/90.png, 2097, 741, 393, 439
flipped_images/90.png, 2237, 1343, 382, 421
flipped_images/90.png, 1431, 1113, 444, 488
flipped_images/90.png, 1067, 889, 390, 447
flipped_images/90.png, 990, 633, 382, 439
flipped_images/90.png, 739, 501, 377, 475
flipped_images/91.png, 2110, 289, 367, 439
flipped_images/91.png, 2234, 736, 367, 431
flipped_images/91.png, 2213, 1116, 393, 455
flipped_images/91.png, 2413, 1240, 364, 457
flipped_images/91.png, 1498, 672, 377, 449
flipped_images/91.png, 1425, 403, 375, 439
flipped_images/91.png, 1070, 393, 369, 442
flipped_images/91.png, 1095, 1054, 486, 408
flipped_images/91.png, 747, 243, 387, 325
flipped_images/91.png, 940, 1578, 395, 209
flipped_images/92.png, 2232, 387, 385, 424
flipped_images/92.png, 2208, 772, 390, 411
flipped_images/92.png, 2407, 951, 385, 473
flipped_images/92.png, 2237, 1353, 413, 421
flipped_images/92.png, 2105, 245, 390, 220
flipped_images/92.png, 1498, 426, 380, 452
flipped_images/92.png, 1064, 248, 380, 338
flipped_images/92.png, 1426, 245, 382, 212
flipped_images/92.png, 927, 1211, 406, 470
flipped_images/92.png, 1232, 1441, 390, 349
flipped_images/93.png, 2216, 307, 375, 457
flipped_images/93.png, 2413, 602, 382, 429
flipped_images/93.png, 2231, 770, 398, 429
flipped_images/93.png, 2133, 1578, 375, 214
flipped_images/93.png, 1220, 1090, 387, 449
flipped_images/93.png, 1498, 243, 377, 328
flipped_images/94.png, 2255, 245, 369, 411
flipped_images/94.png, 2436, 256, 364, 457
flipped_images/94.png, 2131, 1279, 382, 439
flipped_images/94.png, 1979, 1496, 382, 300
flipped_images/94.png, 1522, 1098, 418, 452
flipped_images/95.png, 2415, 248, 377, 191
flipped_images/95.png, 1989, 1028, 524, 496
flipped_images/95.png, 948, 1560, 377, 240
flipped_images/96.png, 1335, 318, 473, 403
flipped_images/96.png, 915, 726, 364, 431
flipped_images/96.png, 1168, 245, 377, 284
flipped_images/97.png, 1530, 1121, 387, 442
flipped_images/97.png, 586, 1103, 393, 421
flipped_images/97.png, 304, 1462, 349, 336
flipped_images/98.png, 742, 1147, 449, 555
flipped_images/98.png, 581, 679, 382, 444
flipped_images/98.png, 798, 245, 382, 333
flipped_images/98.png, 2, 245, 243, 380
flipped_images/99.png, 744, 444, 380, 439
flipped_images/99.png, 845, 610, 359, 395
flipped_images/99.png, 377, 1400, 377, 263
flipped_images/99.png, 762, 1625, 310, 170
flipped_images/99.png, 583, 238, 362, 163
flipped_images/100.png, 2428, 708, 367, 465
flipped_images/100.png, 2195, 850, 367, 437
flipped_images/100.png, 2009, 1338, 398, 437
flipped_images/100.png, 669, 945, 385, 444
flipped_images/100.png, 18, 984, 390, 462
flipped_images/101.png, 2025, 594, 364, 452
flipped_images/101.png, 1635, 852, 385, 437
flipped_images/101.png, 2129, 1338, 364, 431
flipped_images/101.png, 2270, 1483, 390, 315
flipped_images/101.png, 2208, 243, 403, 217
flipped_images/101.png, 662, 238, 387, 377
flipped_images/101.png, 20, 253, 406, 434
flipped_images/102.png, 2404, 974, 380, 439
flipped_images/102.png, 2082, 1356, 480, 408
flipped_images/102.png, 1446, 1183, 385, 455
flipped_images/103.png, 2407, 429, 393, 475
flipped_images/103.png, 1452, 749, 387, 449
flipped_images/103.png, 1638, 1273, 390, 439
flipped_images/103.png, 2100, 1348, 367, 431
flipped_images/103.png, 530, 1064, 395, 460
flipped_images/103.png, 173, 920, 380, 462
flipped_images/104.png, 1909, 788, 385, 449
flipped_images/104.png, 2229, 808, 393, 439
flipped_images/104.png, 1645, 1663, 349, 132
flipped_images/105.png, 1871, 870, 387, 460
flipped_images/105.png, 1537, 1098, 377, 439
flipped_images/105.png, 1126, 987, 393, 452
flipped_images/105.png, 904, 847, 385, 452
flipped_images/105.png, 108, 300, 380, 496
flipped_images/105.png, 1023, 240, 457, 305
flipped_images/106.png, 2355, 899, 406, 449
flipped_images/106.png, 1547, 1485, 362, 302
flipped_images/106.png, 540, 1258, 377, 465
flipped_images/107.png, 1953, 310, 478, 434
flipped_images/107.png, 2402, 530, 395, 452
flipped_images/107.png, 1938, 576, 418, 468
flipped_images/107.png, 1516, 245, 398, 333
flipped_images/107.png, 1539, 772, 385, 437
flipped_images/107.png, 1852, 1364, 385, 434
flipped_images/107.png, 1083, 899, 444, 403
flipped_images/107.png, 808, 842, 362, 452
flipped_images/107.png, 426, 313, 382, 457
flipped_images/107.png, 364, 1260, 390, 442
flipped_images/107.png, 775, 1663, 390, 134
flipped_images/108.png, 1844, 682, 406, 465
flipped_images/108.png, 1067, 493, 398, 460
flipped_images/108.png, 1155, 989, 395, 444
flipped_images/108.png, 778, 1005, 364, 439
flipped_images/108.png, 501, 1532, 385, 263
flipped_images/108.png, 367, 248, 390, 393
flipped_images/108.png, 1064, 245, 488, 302
flipped_images/108.png, 785, 253, 385, 380
flipped_images/109.png, 2097, 896, 380, 449
flipped_images/109.png, 1627, 1617, 411, 178
flipped_images/109.png, 845, 1173, 382, 421
flipped_images/110.png, 1253, 1121, 385, 444
flipped_images/110.png, 948, 1477, 351, 313
flipped_images/110.png, 1710, 1289, 380, 444
flipped_images/110.png, 1986, 1294, 377, 452
flipped_images/111.png, 1989, 803, 387, 447
flipped_images/111.png, 1695, 850, 377, 447
flipped_images/111.png, 2035, 1454, 380, 336
flipped_images/111.png, 1255, 664, 406, 462
flipped_images/111.png, 937, 1111, 398, 447
flipped_images/112.png, 2032, 793, 375, 455
flipped_images/112.png, 941, 540, 387, 439
flipped_images/112.png, 850, 1356, 475, 400
flipped_images/112.png, 563, 1250, 493, 413
flipped_images/112.png, 2020, 1498, 382, 302
flipped_images/113.png, 1287, 615, 382, 449
flipped_images/113.png, 113, 839, 486, 439
flipped_images/113.png, 359, 1410, 398, 377
flipped_images/113.png, 2105, 1457, 359, 338
flipped_images/113.png, 2366, 1521, 400, 279
flipped_images/114.png, 1857, 509, 393, 449
flipped_images/114.png, 2253, 845, 400, 462
flipped_images/114.png, 2462, 896, 400, 465
flipped_images/114.png, 1625, 989, 395, 431
flipped_images/114.png, 1679, 1516, 380, 279
flipped_images/114.png, 935, 734, 486, 426
flipped_images/115.png, 1862, 168, 406, 439
flipped_images/115.png, 2247, 548, 406, 457
flipped_images/115.png, 2459, 620, 377, 455
flipped_images/115.png, 1622, 653, 403, 434
flipped_images/115.png, 917, 403, 496, 418
flipped_images/115.png, 1196, 1227, 395, 418
flipped_images/115.png, 1679, 1232, 382, 452
flipped_images/115.png, 1841, 1625, 380, 173
flipped_images/116.png, 2464, 346, 390, 444
flipped_images/116.png, 2242, 276, 387, 455
flipped_images/116.png, 1624, 362, 380, 426
flipped_images/116.png, 910, 168, 511, 351
flipped_images/116.png, 1188, 1033, 408, 455
flipped_images/116.png, 1676, 958, 398, 449
flipped_images/116.png, 1837, 1346, 390, 439
flipped_images/116.png, 2389, 1418, 380, 372
flipped_images/116.png, 237, 1604, 486, 194
flipped_images/117.png, 2459, 170, 385, 346
flipped_images/117.png, 2265, 173, 364, 284
flipped_images/117.png, 1622, 178, 395, 292
flipped_images/117.png, 1193, 839, 390, 447
flipped_images/117.png, 235, 1266, 506, 429
flipped_images/117.png, 1664, 687, 408, 434
flipped_images/117.png, 1839, 1054, 408, 455
flipped_images/117.png, 2369, 1188, 421, 449
flipped_images/118.png, 2374, 548, 398, 434
flipped_images/118.png, 232, 338, 504, 429
flipped_images/118.png, 168, 1532, 382, 263
flipped_images/118.png, 2009, 1421, 496, 377
flipped_images/118.png, 2266, 1539, 418, 253
flipped_images/119.png, 2002, 1248, 496, 416
flipped_images/119.png, 2296, 1333, 367, 439
flipped_images/119.png, 163, 1193, 408, 478
flipped_images/119.png, 237, 176, 478, 243
flipped_images/120.png, 2007, 1069, 491, 431
flipped_images/120.png, 157, 901, 406, 460
flipped_images/121.png, 1808, 1198, 506, 408
flipped_images/121.png, 1359, 1268, 387, 364
flipped_images/121.png, 760, 1511, 400, 279
flipped_images/121.png, 103, 1573, 380, 212
flipped_images/121.png, 165, 341, 390, 468
flipped_images/122.png, 1356, 1036, 408, 447
flipped_images/122.png, 2041, 1284, 400, 460
flipped_images/122.png, 768, 1279, 387, 431
flipped_images/122.png, 85, 1191, 406, 460
flipped_images/122.png, 160, 168, 408, 261
flipped_images/123.png, 2048, 834, 385, 447
flipped_images/123.png, 1978, 1312, 398, 449
flipped_images/123.png, 984, 1232, 385, 447
flipped_images/123.png, 770, 1033, 382, 455
flipped_images/123.png, 653, 1209, 411, 455
flipped_images/123.png, 101, 765, 390, 478
flipped_images/124.png, 2041, 222, 395, 444
flipped_images/124.png, 1986, 816, 377, 449
flipped_images/124.png, 680, 1248, 395, 475
flipped_images/124.png, 95, 258, 393, 457
flipped_images/124.png, 2472, 1560, 398, 238
flipped_images/125.png, 2472, 1067, 403, 424
flipped_images/125.png, 1800, 1428, 390, 367
flipped_images/125.png, 2467, 1421, 377, 364
flipped_images/125.png, 2142, 1434, 449, 354
flipped_images/125.png, 685, 777, 382, 460
flipped_images/126.png, 1793, 811, 390, 442
flipped_images/126.png, 119, 1444, 439, 356
flipped_images/126.png, 434, 1537, 465, 258
flipped_images/126.png, 677, 232, 387, 462
flipped_images/127.png, 2273, 1049, 398, 439
flipped_images/127.png, 1563, 1441, 377, 354
flipped_images/127.png, 411, 1129, 475, 418
flipped_images/128.png, 2270, 385, 411, 462
flipped_images/128.png, 1555, 811, 385, 449
flipped_images/128.png, 1772, 1315, 532, 480
flipped_images/129.png, 1133, 1049, 375, 447
flipped_images/129.png, 2185, 1423, 499, 364
flipped_images/129.png, 31, 788, 400, 452
flipped_images/130.png, 2180, 568, 491, 406
flipped_images/130.png, 1330, 775, 393, 452
flipped_images/130.png, 1656, 1167, 385, 449
flipped_images/130.png, 1119, 222, 408, 442
flipped_images/130.png, 28, 173, 406, 292
flipped_images/131.png, 1640, 168, 416, 245
flipped_images/131.png, 2146, 1229, 406, 439
flipped_images/131.png, 896, 1144, 393, 444
flipped_images/131.png, 607, 1082, 395, 434
flipped_images/132.png, 2149, 263, 390, 447
flipped_images/132.png, 2359, 1465, 480, 333
flipped_images/132.png, 408, 1609, 491, 183
flipped_images/133.png, 2151, 168, 411, 279
flipped_images/133.png, 2330, 1160, 501, 429
flipped_images/133.png, 1529, 1286, 398, 455
flipped_images/133.png, 894, 1462, 403, 333
flipped_images/133.png, 403, 1377, 493, 403
flipped_images/134.png, 1527, 695, 395, 452
flipped_images/134.png, 2343, 669, 493, 411
flipped_images/134.png, 2319, 1118, 406, 449
flipped_images/134.png, 901, 829, 398, 460
flipped_images/134.png, 413, 997, 486, 408
flipped_images/134.png, 618, 1173, 395, 452
flipped_images/134.png, 124, 1289, 395, 470
flipped_images/135.png, 2327, 170, 457, 227
flipped_images/135.png, 618, 222, 400, 444
flipped_images/135.png, 403, 455, 501, 421
flipped_images/135.png, 1188, 1299, 380, 354
flipped_images/135.png, 173, 1446, 403, 349
flipped_images/135.png, 896, 176, 377, 181
flipped_images/136.png, 1193, 1041, 375, 421
flipped_images/136.png, 170, 1093, 398, 449
flipped_images/136.png, 1118, 1348, 380, 434
flipped_images/136.png, 1583, 1599, 297, 194
flipped_images/137.png, 1514, 1113, 390, 439
flipped_images/137.png, 1550, 1423, 387, 364
flipped_images/137.png, 2412, 1490, 460, 305
flipped_images/137.png, 1694, 1516, 491, 263
flipped_images/137.png, 1121, 687, 475, 555
flipped_images/137.png, 948, 1069, 506, 408
flipped_images/137.png, 173, 612, 403, 462
flipped_images/138.png, 1668, 945, 522, 416
flipped_images/138.png, 2413, 1059, 444, 491
flipped_images/138.png, 1508, 674, 393, 573
flipped_images/138.png, 1113, 336, 468, 473
flipped_images/138.png, 174, 191, 387, 447
flipped_images/138.png, 654, 1477, 395, 313
flipped_images/139.png, 1684, 535, 488, 408
flipped_images/139.png, 2412, 713, 367, 442
flipped_images/139.png, 2467, 816, 400, 442
flipped_images/139.png, 1506, 377, 398, 480
flipped_images/139.png, 1121, 165, 465, 398
flipped_images/139.png, 653, 1129, 398, 470
flipped_images/139.png, 196, 168, 359, 155
flipped_images/140.png, 2397, 385, 403, 444
flipped_images/140.png, 2485, 535, 369, 447
flipped_images/140.png, 1485, 158, 455, 331
flipped_images/140.png, 656, 790, 408, 462
flipped_images/140.png, 599, 1519, 395, 276
flipped_images/140.png, 1568, 1436, 356, 354
flipped_images/140.png, 1987, 1578, 387, 217
flipped_images/141.png, 2405, 160, 403, 390
flipped_images/141.png, 2469, 292, 403, 447
flipped_images/141.png, 1981, 1322, 403, 449
flipped_images/141.png, 1547, 1219, 377, 447
flipped_images/141.png, 591, 1229, 403, 447
flipped_images/141.png, 656, 504, 400, 460
flipped_images/142.png, 2446, 163, 424, 408
flipped_images/142.png, 1981, 1131, 400, 431
flipped_images/142.png, 1534, 1069, 390, 455
flipped_images/142.png, 948, 1268, 390, 462
flipped_images/142.png, 589, 1036, 387, 449
flipped_images/142.png, 658, 289, 406, 437
flipped_images/143.png, 1540, 829, 395, 478
flipped_images/143.png, 942, 914, 411, 462
flipped_images/143.png, 589, 731, 413, 444
flipped_images/143.png, 653, 173, 403, 251
flipped_images/143.png, 2061, 1570, 393, 225
flipped_images/144.png, 1544, 517, 380, 457
flipped_images/144.png, 2064, 1075, 382, 460
flipped_images/144.png, 948, 426, 403, 462
flipped_images/144.png, 135, 1302, 493, 426
flipped_images/145.png, 1531, 276, 393, 449
flipped_images/145.png, 2064, 700, 390, 447
flipped_images/145.png, 1511, 1392, 393, 408
flipped_images/145.png, 932, 168, 429, 346
flipped_images/145.png, 26, 1501, 400, 297
flipped_images/146.png, 2059, 269, 408, 468
flipped_images/146.png, 1519, 958, 382, 460
flipped_images/146.png, 1893, 1294, 403, 444
flipped_images/146.png, 1524, 176, 408, 297
flipped_images/146.png, 545, 1446, 488, 349
flipped_images/147.png, 1501, 480, 408, 468
flipped_images/147.png, 1898, 777, 398, 444
flipped_images/147.png, 1947, 1431, 411, 362
flipped_images/148.png, 1901, 359, 382, 444
flipped_images/148.png, 1508, 165, 393, 375
flipped_images/148.png, 1955, 1090, 395, 444
flipped_images/149.png, 1898, 168, 398, 248
flipped_images/149.png, 2348, 1434, 398, 362
flipped_images/149.png, 1092, 1384, 375, 274
flipped_images/149.png, 189, 1506, 387, 289
flipped_images/150.png, 2353, 932, 377, 449
flipped_images/150.png, 189, 1196, 387, 460
flipped_images/151.png, 1552, 951, 372, 431
flipped_images/152.png, 2422, 168, 406, 411
flipped_images/152.png, 511, 581, 375, 421
flipped_images/152.png, 186, 1072, 372, 504
flipped_images/152.png, 393, 896, 532, 501
flipped_images/152.png, 777, 1059, 403, 444
flipped_images/152.png, 2095, 1555, 395, 238
flipped_images/153.png, 2084, 666, 398, 431
flipped_images/153.png, 2051, 1018, 398, 431
flipped_images/153.png, 418, 956, 411, 473
flipped_images/153.png, 785, 173, 395, 400
flipped_images/153.png, 1591, 1545, 364, 240
flipped_images/154.png, 2079, 284, 403, 444
flipped_images/154.png, 2043, 612, 403, 437
flipped_images/154.png, 1470, 1198, 493, 416
flipped_images/154.png, 436, 1467, 491, 325
flipped_images/154.png, 426, 561, 390, 465
flipped_images/155.png, 431, 775, 483, 424
flipped_images/155.png, 692, 1304, 390, 465
flipped_images/155.png, 1273, 1413, 372, 240
flipped_images/156.png, 1281, 881, 375, 452
flipped_images/156.png, 695, 925, 387, 437
flipped_images/157.png, 1795, 708, 478, 416
flipped_images/157.png, 31, 178, 501, 594
flipped_images/157.png, 2405, 917, 387, 457
flipped_images/157.png, 2056, 1405, 488, 380
flipped_images/157.png, 2209, 956, 387, 429
flipped_images/158.png, 1792, 284, 473, 413
flipped_images/158.png, 2219, 493, 387, 455
flipped_images/158.png, 2400, 615, 387, 462
flipped_images/158.png, 2054, 878, 480, 398
flipped_images/158.png, 1452, 1304, 493, 421
flipped_images/158.png, 594, 1276, 390, 452
flipped_images/158.png, 137, 173, 400, 331
flipped_images/159.png, 1072, 176, 400, 377
flipped_images/159.png, 313, 232, 387, 444
flipped_images/159.png, 2433, 839, 382, 449
flipped_images/159.png, 2182, 1421, 393, 372
flipped_images/159.png, 1596, 1552, 243, 227
flipped_images/160.png, 2430, 238, 380, 452
flipped_images/160.png, 2198, 870, 382, 457
flipped_images/160.png, 2097, 1080, 398, 447
flipped_images/160.png, 1467, 979, 393, 455
flipped_images/160.png, 824, 927, 400, 455
flipped_images/160.png, 313, 1503, 449, 297
flipped_images/161.png, 2103, 176, 483, 468
flipped_images/161.png, 1475, 165, 380, 395
flipped_images/161.png, 1504, 713, 382, 465
flipped_images/161.png, 1366, 896, 377, 460
flipped_images/161.png, 2023, 1413, 387, 380
flipped_images/161.png, 956, 1013, 387, 439
flipped_images/161.png, 654, 1545, 488, 248
flipped_images/161.png, 366, 437, 380, 434
flipped_images/161.png, 277, 173, 369, 406
flipped_images/162.png, 1490, 170, 416, 307
flipped_images/162.png, 1351, 506, 403, 442
flipped_images/162.png, 2028, 563, 377, 460
flipped_images/162.png, 2337, 1415, 509, 382
flipped_images/162.png, 966, 201, 380, 444
flipped_images/162.png, 171, 1508, 400, 282
flipped_images/163.png, 901, 256, 398, 444
flipped_images/163.png, 174, 375, 387, 462
flipped_images/163.png, 2435, 496, 406, 444
flipped_images/163.png, 2227, 896, 488, 362
flipped_images/163.png, 2247, 1049, 380, 447
flipped_images/163.png, 2177, 1596, 372, 196
flipped_images/163.png, 1805, 1506, 398, 279
flipped_images/163.png, 778, 1511, 364, 279
flipped_images/164.png, 2129, 444, 400, 449
flipped_images/164.png, 2172, 894, 403, 449
flipped_images/164.png, 1731, 1227, 387, 447
flipped_images/164.png, 1467, 715, 393, 439
flipped_images/164.png, 1521, 920, 380, 424
flipped_images/164.png, 676, 922, 499, 413
flipped_images/164.png, 150, 1186, 400, 473
flipped_images/165.png, 2128, 170, 408, 227
flipped_images/165.png, 2183, 499, 382, 442
flipped_images/165.png, 1722, 796, 406, 462
flipped_images/165.png, 1464, 266, 411, 457
flipped_images/165.png, 1524, 532, 382, 439
flipped_images/165.png, 676, 535, 504, 442
flipped_images/165.png, 137, 803, 408, 457
flipped_images/165.png, 470, 1563, 504, 230
flipped_images/166.png, 1038, 651, 496, 398
flipped_images/166.png, 472, 855, 499, 424
flipped_images/166.png, 452, 1550, 380, 251
flipped_images/166.png, 986, 1134, 393, 442
flipped_images/166.png, 1371, 1297, 380, 344
flipped_images/166.png, 1953, 1204, 403, 447
flipped_images/167.png, 1955, 408, 390, 439
flipped_images/167.png, 2173, 1064, 493, 411
flipped_images/167.png, 2335, 1444, 473, 349
flipped_images/167.png, 483, 214, 488, 395
flipped_images/167.png, 357, 628, 475, 530
flipped_images/167.png, 127, 860, 341, 455
flipped_images/167.png, 230, 997, 462, 354
flipped_images/167.png, 235, 1294, 398, 429
flipped_images/167.png, 1366, 289, 385, 429
flipped_images/167.png, 994, 519, 393, 444
flipped_images/167.png, 1568, 1596, 372, 204
flipped_images/168.png, 2167, 615, 483, 380
flipped_images/168.png, 2314, 940, 501, 416
flipped_images/168.png, 1557, 1157, 398, 457
flipped_images/168.png, 1243, 1372, 395, 266
flipped_images/168.png, 586, 1211, 393, 457
flipped_images/168.png, 367, 992, 493, 398
flipped_images/168.png, 227, 883, 380, 426
flipped_images/168.png, 251, 548, 457, 390
flipped_images/168.png, 121, 390, 362, 434
flipped_images/168.png, 352, 173, 475, 429
flipped_images/168.png, 994, 176, 393, 462
flipped_images/168.png, 1940, 168, 413, 232
flipped_images/169.png, 1560, 178, 382, 313
flipped_images/169.png, 1658, 901, 375, 452
flipped_images/169.png, 1593, 1082, 375, 434
flipped_images/169.png, 1325, 920, 460, 421
flipped_images/169.png, 1265, 1134, 398, 434
flipped_images/169.png, 811, 1348, 393, 442
flipped_images/169.png, 561, 165, 426, 183
flipped_images/170.png, 1359, 542, 604, 504
flipped_images/170.png, 2436, 963, 395, 452
flipped_images/170.png, 1065, 1255, 387, 385
flipped_images/170.png, 499, 517, 387, 452
flipped_images/170.png, 411, 746, 426, 460
flipped_images/171.png, 2438, 263, 390, 444
flipped_images/171.png, 2356, 1537, 403, 263
flipped_images/171.png, 1056, 783, 398, 468
flipped_images/171.png, 894, 1475, 403, 313
flipped_images/171.png, 1382, 170, 607, 297
flipped_images/171.png, 429, 217, 408, 455
flipped_images/172.png, 2382, 173, 395, 263
flipped_images/172.png, 2342, 581, 406, 442
flipped_images/172.png, 2265, 1338, 375, 444
flipped_images/172.png, 1609, 1116, 545, 530
flipped_images/172.png, 896, 752, 380, 452
flipped_images/172.png, 139, 204, 393, 455
flipped_images/173.png, 2353, 269, 385, 465
flipped_images/173.png, 2266, 860, 382, 444
flipped_images/173.png, 2095, 1356, 483, 413
flipped_images/173.png, 1619, 798, 509, 506
flipped_images/173.png, 1335, 1320, 473, 320
flipped_images/174.png, 2257, 163, 398, 398
flipped_images/174.png, 1767, 261, 403, 468
flipped_images/174.png, 2087, 682, 473, 418
flipped_images/174.png, 1906, 1258, 406, 421
flipped_images/174.png, 1330, 697, 473, 421
flipped_images/174.png, 1038, 901, 491, 411
flipped_images/174.png, 1111, 1067, 465, 393
flipped_images/175.png, 2085, 240, 493, 413
flipped_images/175.png, 1323, 289, 488, 421
flipped_images/175.png, 1033, 406, 540, 519
flipped_images/175.png, 1917, 984, 382, 439
flipped_images/175.png, 623, 1467, 382, 331
flipped_images/175.png, 336, 1405, 395, 390
flipped_images/176.png, 1907, 522, 400, 475
flipped_images/176.png, 1142, 994, 496, 416
flipped_images/176.png, 599, 1049, 411, 460
flipped_images/176.png, 325, 821, 403, 468
flipped_images/176.png, 72, 1175, 522, 530
flipped_images/177.png, 1904, 170, 413, 248
flipped_images/177.png, 1219, 460, 403, 449
flipped_images/177.png, 1787, 1064, 486, 434
flipped_images/177.png, 2356, 1467, 377, 325
flipped_images/177.png, 2111, 1550, 351, 245
flipped_images/177.png, 601, 532, 393, 462
flipped_images/177.png, 197, 545, 382, 462
flipped_images/177.png, 351, 165, 377, 367
flipped_images/177.png, 85, 170, 380, 364
flipped_images/177.png, 26, 1529, 411, 269
flipped_images/178.png, 2356, 170, 382, 209
flipped_images/178.png, 2118, 238, 367, 444
flipped_images/178.png, 1552, 424, 372, 439
flipped_images/178.png, 1038, 630, 499, 426
flipped_images/178.png, 2025, 994, 375, 449
flipped_images/178.png, 1785, 1589, 382, 207
flipped_images/178.png, 447, 1067, 367, 447
flipped_images/178.png, 168, 1224, 393, 447
flipped_images/178.png, 26, 305, 380, 449
flipped_images/179.png, 1036, 170, 501, 263
flipped_images/179.png, 439, 243, 380, 457
flipped_images/179.png, 168, 708, 385, 455
flipped_images/179.png, 1252, 1103, 393, 457
flipped_images/179.png, 1788, 1007, 382, 452
flipped_images/179.png, 2192, 863, 406, 442
flipped_images/180.png, 2193, 344, 387, 444
flipped_images/180.png, 1256, 803, 382, 447
flipped_images/180.png, 165, 429, 390, 455
flipped_images/180.png, 57, 1490, 496, 305
flipped_images/181.png, 1258, 165, 408, 356
flipped_images/181.png, 2167, 1126, 398, 457
flipped_images/181.png, 514, 1059, 372, 421
flipped_images/181.png, 551, 1281, 387, 434
flipped_images/181.png, 359, 870, 367, 457
flipped_images/181.png, 49, 870, 496, 418
flipped_images/181.png, 2265, 1622, 488, 170
flipped_images/182.png, 2165, 359, 387, 468
flipped_images/182.png, 2271, 1160, 493, 449
flipped_images/182.png, 1754, 1253, 504, 424
flipped_images/182.png, 558, 752, 382, 452
flipped_images/182.png, 514, 558, 375, 434
flipped_images/182.png, 351, 406, 362, 455
flipped_images/182.png, 59, 473, 486, 406
flipped_images/183.png, 2267, 687, 486, 421
flipped_images/183.png, 1777, 697, 478, 411
flipped_images/183.png, 1849, 1335, 393, 437
flipped_images/183.png, 2387, 1227, 390, 473
flipped_images/183.png, 555, 204, 398, 473
flipped_images/183.png, 348, 176, 398, 199
flipped_images/184.png, 2262, 196, 504, 413
flipped_images/184.png, 1770, 176, 493, 344
flipped_images/184.png, 1836, 798, 403, 421
flipped_images/184.png, 2454, 1080, 387, 439
flipped_images/184.png, 1579, 1576, 338, 225
flipped_images/184.png, 607, 1415, 385, 380
flipped_images/184.png, 129, 1550, 390, 243
flipped_images/185.png, 1837, 274, 395, 465
flipped_images/185.png, 1529, 894, 398, 449
flipped_images/185.png, 2180, 1330, 511, 439
flipped_images/185.png, 594, 1033, 393, 426
flipped_images/185.png, 692, 1284, 393, 455
flipped_images/185.png, 126, 951, 406, 455
flipped_images/186.png, 1529, 178, 406, 452
flipped_images/186.png, 2182, 945, 499, 444
flipped_images/186.png, 602, 545, 501, 499
flipped_images/186.png, 140, 305, 390, 475
flipped_images/187.png, 2190, 178, 509, 377
flipped_images/187.png, 2278, 610, 380, 447
flipped_images/187.png, 1653, 1018, 390, 460
flipped_images/187.png, 1005, 1180, 524, 418
flipped_images/187.png, 1475, 1167, 364, 478
flipped_images/187.png, 1772, 1452, 403, 338
flipped_images/187.png, 747, 1501, 387, 292
flipped_images/187.png, 44, 770, 385, 465
flipped_images/188.png, 2273, 163, 403, 323
flipped_images/188.png, 1646, 661, 395, 488
flipped_images/188.png, 1772, 948, 395, 447
flipped_images/188.png, 1449, 850, 380, 444
flipped_images/188.png, 1044, 700, 483, 406
flipped_images/188.png, 744, 932, 390, 457
flipped_images/188.png, 36, 426, 395, 457
flipped_images/188.png, 1015, 1436, 367, 351
flipped_images/188.png, 2025, 1503, 387, 289
flipped_images/189.png, 1788, 318, 369, 434
flipped_images/189.png, 1643, 214, 359, 457
flipped_images/189.png, 1436, 449, 406, 444
flipped_images/189.png, 1436, 943, 504, 530
flipped_images/189.png, 1005, 943, 390, 465
flipped_images/189.png, 2025, 842, 393, 449
flipped_images/189.png, 2452, 1085, 387, 447
flipped_images/189.png, 1054, 173, 496, 349
flipped_images/189.png, 757, 251, 387, 447
flipped_images/189.png, 41, 165, 403, 282
flipped_images/190.png, 1250, 282, 395, 468
flipped_images/190.png, 1726, 816, 480, 403
flipped_images/190.png, 1968, 1423, 380, 375
flipped_images/190.png, 716, 406, 390, 470
flipped_images/190.png, 493, 462, 367, 457
flipped_images/190.png, 413, 289, 380, 439
flipped_images/191.png, 1956, 452, 400, 455
flipped_images/191.png, 1976, 708, 483, 411
flipped_images/191.png, 1630, 860, 488, 511
flipped_images/191.png, 2400, 1434, 390, 354
flipped_images/191.png, 1255, 1191, 385, 462
flipped_images/191.png, 987, 1224, 480, 395
flipped_images/191.png, 867, 1403, 375, 390
flipped_images/192.png, 1253, 338, 377, 462
flipped_images/192.png, 1630, 163, 488, 282
flipped_images/192.png, 2392, 320, 403, 470
flipped_images/192.png, 2079, 1322, 514, 455
flipped_images/192.png, 953, 987, 393, 426
flipped_images/192.png, 333, 1165, 416, 457
flipped_images/193.png, 2076, 194, 522, 591
flipped_images/193.png, 2410, 1025, 395, 465
flipped_images/193.png, 2255, 1570, 398, 222
flipped_images/193.png, 865, 1059, 486, 416
flipped_images/193.png, 964, 212, 387, 455
flipped_images/193.png, 343, 336, 406, 447
flipped_images/193.png, 49, 741, 403, 444
flipped_images/193.png, 1093, 1459, 276, 289
flipped_images/194.png, 2408, 163, 400, 411
flipped_images/194.png, 2250, 641, 400, 439
flipped_images/194.png, 855, 460, 486, 426
flipped_images/194.png, 1018, 1359, 325, 395
flipped_images/194.png, 2048, 1384, 372, 406
flipped_images/194.png, 2386, 1475, 406, 323
flipped_images/195.png, 2056, 452, 372, 434
flipped_images/195.png, 2379, 1002, 400, 457
flipped_images/195.png, 1968, 1304, 514, 400
flipped_images/195.png, 1017, 741, 393, 447
flipped_images/195.png, 654, 762, 390, 418
flipped_images/195.png, 888, 165, 429, 196
flipped_images/196.png, 1979, 408, 501, 434
flipped_images/196.png, 2390, 390, 382, 473
flipped_images/196.png, 1018, 165, 403, 222
flipped_images/196.png, 1172, 1087, 393, 460
flipped_images/196.png, 1788, 1372, 400, 426
flipped_images/196.png, 447, 1222, 400, 439
flipped_images/197.png, 1170, 527, 400, 449
flipped_images/197.png, 1785, 948, 387, 457
flipped_images/197.png, 2387, 163, 400, 351
flipped_images/197.png, 452, 855, 382, 444
flipped_images/197.png, 235, 1361, 496, 393
flipped_images/198.png, 1788, 165, 400, 421
flipped_images/198.png, 1281, 971, 395, 457
flipped_images/198.png, 124, 963, 483, 548
flipped_images/198.png, 452, 158, 398, 442
flipped_images/198.png, 1149, 1403, 496, 243
flipped_images/198.png, 20, 749, 380, 465
flipped_images/199.png, 2457, 749, 395, 462
flipped_images/199.png, 1421, 455, 403, 473
flipped_images/199.png, 1418, 199, 398, 395
flipped_images/199.png, 2188, 181, 395, 225
flipped_images/199.png, 1932, 165, 344, 160
flipped_images/199.png, 1232, 1250, 491, 411
flipped_images/199.png, 181, 173, 488, 320